2025-02-03 08:05:00,95076.4,95099.9,94969.0,95045.8,65.545,6228380.9002
2025-02-03 08:06:00,95045.8,95052.0,94924.0,94965.4,121.337,11521641.315
2025-02-03 08:07:00,94965.4,95192.4,94965.3,95192.4,71.16,6765196.9937
2025-02-03 08:08:00,95192.4,95220.0,95132.1,95171.3,53.772,5117837.5085
2025-02-03 08:09:00,95171.3,95270.0,95171.3,95265.7,58.954,5614296.4798
2025-02-03 08:10:00,95265.7,95269.1,95156.6,95182.5,51.877,4938731.8218
2025-02-03 08:11:00,95182.5,95182.5,94982.4,94982.5,47.347,4501430.1657
2025-02-03 08:12:00,94982.5,95166.7,94982.5,95100.5,70.097,6664099.1009
2025-02-03 08:13:00,95100.5,95154.9,95054.3,95146.2,72.294,6875866.536
2025-02-03 08:14:00,95146.2,95336.0,95100.2,95336.0,116.366,11087065.0944
2025-02-03 08:15:00,95336.0,95370.0,95255.6,95293.2,134.321,12805668.6151
2025-02-03 08:16:00,95293.2,95341.0,95149.4,95174.7,106.084,10103360.5303
2025-02-03 08:17:00,95174.7,95181.8,95100.0,95143.2,103.907,9886100.4828
2025-02-03 08:18:00,95143.2,95168.4,95000.0,95026.4,82.0,7796104.1716
2025-02-03 08:19:00,95026.4,95226.7,95000.0,95179.0,97.097,9238158.155
2025-02-03 08:20:00,95179.0,95339.1,95179.0,95339.0,70.567,6722592.3454
2025-02-03 08:21:00,95339.0,95429.4,95280.6,95429.4,139.841,13334473.3973
2025-02-03 08:22:00,95429.4,95492.9,95313.7,95342.7,127.046,12122215.9372
2025-02-03 08:23:00,95342.7,95491.8,95342.6,95407.7,87.91,8390139.1423
2025-02-03 08:24:00,95407.7,95420.0,95287.0,95303.7,49.085,4680668.2526
2025-02-03 08:25:00,95303.7,95414.5,95222.4,95414.4,85.2,8120645.2258
2025-02-03 08:26:00,95414.4,95420.0,95364.0,95393.9,26.893,2565512.2217
2025-02-03 08:27:00,95393.9,95419.3,95309.7,95400.4,56.761,5414203.2919
2025-02-03 08:28:00,95400.4,95400.4,95304.2,95309.8,36.809,3509602.0896
2025-02-03 08:29:00,95309.8,95374.0,95309.8,95330.3,46.606,4443053.0617
2025-02-03 08:30:00,95330.3,95330.3,95076.0,95156.6,192.461,18319383.6672
2025-02-03 08:31:00,95156.6,95254.9,95100.0,95254.9,63.046,5999805.3483
2025-02-03 08:32:00,95254.9,95499.9,95254.9,95481.7,88.709,8462472.8423
2025-02-03 08:33:00,95481.7,95549.0,95350.0,95525.3,102.128,9750648.9412
2025-02-03 08:34:00,95525.3,95533.5,95205.7,95231.3,185.328,17678699.1363
2025-02-03 08:35:00,95231.3,95272.3,95089.2,95169.5,149.404,14216054.5987
2025-02-03 08:36:00,95169.5,95169.5,94936.2,94952.2,153.427,14577765.9808
2025-02-03 08:37:00,94952.2,95158.2,94952.2,95097.4,119.636,11372233.1446
2025-02-03 08:38:00,95097.4,95141.1,94972.9,95020.9,67.416,6407215.8994
2025-02-03 08:39:00,95020.9,95040.0,94970.0,94982.4,29.372,2790464.3006
2025-02-03 08:40:00,94982.4,94982.5,94885.0,94885.1,132.943,12620016.8712
2025-02-03 08:41:00,94885.1,95000.0,94770.1,94960.9,183.191,17376745.2804
2025-02-03 08:42:00,94960.9,95039.9,94934.6,95027.3,52.265,4964533.9816
2025-02-03 08:43:00,95027.3,95027.3,94901.1,94919.1,37.809,3589635.4157
2025-02-03 08:44:00,94919.1,95019.4,94913.6,94968.9,28.444,2701358.0299
2025-02-03 08:45:00,94968.9,95039.9,94930.2,95000.0,45.248,4298502.3442
2025-02-03 08:46:00,95000.0,95024.5,94906.6,94999.9,116.616,11074577.7129
2025-02-03 08:47:00,94999.9,95112.9,94987.7,95112.9,48.394,4599963.7564
2025-02-03 08:48:00,95112.9,95192.4,95044.4,95044.5,60.756,5780009.0806
2025-02-03 08:49:00,95044.5,95172.1,95030.6,95060.1,41.158,3914352.7552
2025-02-03 08:50:00,95060.1,95140.9,95037.8,95065.8,23.505,2234984.1425
2025-02-03 08:51:00,95065.8,95065.8,94925.4,94975.2,60.432,5739678.7536
2025-02-03 08:52:00,94975.2,95126.8,94974.7,95089.7,35.317,3356980.4726
2025-02-03 08:53:00,95089.7,95160.0,95066.1,95084.6,50.209,4775466.6788
2025-02-03 08:54:00,95084.6,95230.1,95065.5,95230.1,66.166,6295589.651
2025-02-03 08:55:00,95230.1,95275.8,95196.6,95246.9,59.072,5626413.3191
2025-02-03 08:56:00,95246.9,95280.4,95178.6,95178.6,42.362,4034176.6734
2025-02-03 08:57:00,95178.6,95247.0,95140.0,95244.9,30.179,2872692.6283
2025-02-03 08:58:00,95244.9,95354.2,95237.4,95354.2,60.134,5730468.4973
2025-02-03 08:59:00,95354.2,95357.0,95255.9,95278.3,48.238,4597032.2447
2025-02-03 09:00:00,95278.3,95349.8,95204.1,95263.2,161.591,15396288.6632
2025-02-03 09:01:00,95263.2,95443.3,95250.0,95442.8,69.589,6637075.5969
2025-02-03 09:02:00,95442.8,95686.4,95442.8,95684.1,268.2,25634551.2371
2025-02-03 09:03:00,95684.1,95741.6,95596.9,95735.2,124.432,11905312.3404
2025-02-03 09:04:00,95735.2,95735.2,95590.0,95590.0,112.286,10742084.3487
2025-02-03 09:05:00,95590.0,95699.8,95515.4,95644.5,86.827,8302838.2686
2025-02-03 09:06:00,95644.5,95705.1,95505.0,95578.4,72.477,6927708.1655
2025-02-03 09:07:00,95578.4,95780.1,95576.2,95780.1,107.944,10330194.3397
2025-02-03 09:08:00,95780.1,95800.0,95712.5,95742.6,96.243,9216449.2491
2025-02-03 09:09:00,95742.6,95746.8,95646.9,95683.7,75.426,7218385.2789
2025-02-03 09:10:00,95683.7,95742.5,95604.2,95667.0,160.557,15361435.809
2025-02-03 09:11:00,95667.0,95667.0,95587.0,95618.3,45.24,4325957.2693
2025-02-03 09:12:00,95618.3,95787.8,95581.7,95786.3,114.431,10951696.9254
2025-02-03 09:13:00,95786.3,95799.3,95732.4,95787.9,53.653,5138362.2312
2025-02-03 09:14:00,95787.9,95836.1,95728.2,95736.1,71.411,6840234.6482
2025-02-03 09:15:00,95736.1,95738.7,95589.1,95645.3,44.39,4246358.8408
2025-02-03 09:16:00,95645.3,95645.4,95529.7,95596.6,83.423,7972960.9931
2025-02-03 09:17:00,95596.6,95596.6,95339.5,95357.7,249.948,23853408.2135
2025-02-03 09:18:00,95357.7,95407.1,95293.5,95343.7,57.4,5473323.0554
2025-02-03 09:19:00,95343.7,95374.6,95270.0,95288.4,74.157,7068131.3526
2025-02-03 09:20:00,95288.4,95371.2,95202.0,95314.7,271.173,25836024.8321
2025-02-03 09:21:00,95314.7,95429.6,95299.3,95410.9,50.52,4819245.6782
2025-02-03 09:22:00,95410.9,95500.0,95410.9,95499.7,79.421,7581170.6623
2025-02-03 09:23:00,95499.7,95635.5,95499.7,95565.7,79.205,7569336.3602
2025-02-03 09:24:00,95565.7,95681.3,95509.6,95674.4,51.028,4878698.6412
2025-02-03 09:25:00,95674.4,95700.0,95611.4,95642.6,48.045,4596235.8782
2025-02-03 09:26:00,95642.6,95662.4,95458.9,95494.7,39.355,3759304.7514
2025-02-03 09:27:00,95494.7,95885.5,95480.5,95838.8,616.448,59013223.3681
2025-02-03 09:28:00,95838.8,95882.6,95795.9,95835.5,134.439,12884202.3162
2025-02-03 09:29:00,95835.5,95884.6,95793.4,95823.9,118.677,11373770.8203
2025-02-03 09:30:00,95823.9,95865.9,95741.4,95820.4,126.587,12128693.837
2025-02-03 09:31:00,95820.4,95846.5,95773.6,95776.1,42.63,4084745.0855
2025-02-03 09:32:00,95776.1,95805.0,95702.8,95713.0,74.992,7179930.5643
2025-02-03 09:33:00,95713.0,95741.4,95640.0,95674.1,78.932,7553892.5066
2025-02-03 09:34:00,95674.1,95763.9,95673.5,95734.1,26.291,2516705.7661
2025-02-03 09:35:00,95734.1,95734.2,95607.5,95703.9,66.806,6389887.8559
2025-02-03 09:36:00,95703.9,95703.9,95602.2,95646.3,29.89,2858995.741
2025-02-03 09:37:00,95646.3,95714.1,95646.3,95668.2,16.825,1609751.5851
2025-02-03 09:38:00,95668.2,95682.9,95570.5,95666.7,50.147,4795163.2405
2025-02-03 09:39:00,95666.7,95666.7,95532.6,95606.0,29.111,2782189.8826
2025-02-03 09:40:00,95606.0,95659.3,95563.6,95563.6,40.3,3853679.7968
2025-02-03 09:41:00,95563.6,95595.9,95502.7,95564.1,47.82,4568879.3123
2025-02-03 09:42:00,95564.1,95573.5,95464.7,95504.8,56.255,5372827.2075
2025-02-03 09:43:00,95504.8,95640.2,95456.0,95618.4,58.672,5606826.4824
2025-02-03 09:44:00,95618.4,95682.3,95584.0,95674.1,41.293,3948902.8791
2025-02-03 09:45:00,95674.1,95675.3,95593.6,95593.7,32.315,3090589.2252
2025-02-03 09:46:00,95593.7,95620.0,95532.1,95542.2,47.402,4530847.7006
2025-02-03 09:47:00,95542.2,95643.8,95467.6,95605.2,36.054,3444673.8549
2025-02-03 09:48:00,95605.2,95670.6,95596.7,95614.6,17.507,1674195.6724
2025-02-03 09:49:00,95614.6,95687.4,95532.6,95687.4,23.916,2286784.7035
2025-02-03 09:50:00,95687.4,95687.6,95641.4,95682.1,17.123,1638098.2721
2025-02-03 09:51:00,95682.1,95713.7,95584.1,95608.2,67.501,6458717.0919
2025-02-03 09:52:00,95608.2,95622.9,95529.1,95574.2,29.323,2802083.3687
2025-02-03 09:53:00,95574.2,95586.7,95517.6,95545.7,22.041,2105968.415
2025-02-03 09:54:00,95545.7,95545.7,95415.0,95476.0,39.361,3757764.4434
2025-02-03 09:55:00,95476.0,95481.3,95415.3,95441.8,21.276,2030751.6677
2025-02-03 09:56:00,95441.8,95529.6,95422.6,95428.1,31.928,3048204.1525
2025-02-03 09:57:00,95428.1,95437.3,95188.4,95201.5,223.009,21252985.4135
2025-02-03 09:58:00,95201.5,95304.0,95162.7,95251.7,206.539,19668666.9855
2025-02-03 09:59:00,95251.7,95264.8,95188.9,95221.9,94.464,8995564.2209
2025-02-03 10:00:00,95221.9,95370.6,95214.0,95293.0,82.116,7826691.9846
2025-02-03 10:01:00,95293.0,95372.9,95200.3,95253.8,64.284,6126410.303
2025-02-03 10:02:00,95253.8,95342.4,95248.5,95289.1,43.604,4155287.2929
2025-02-03 10:03:00,95289.1,95337.5,95264.6,95299.9,41.06,3913350.9313
2025-02-03 10:04:00,95299.9,95300.0,95152.0,95152.0,76.554,7289879.4506
2025-02-03 10:05:00,95152.0,95206.0,95092.8,95152.0,274.469,26114865.4386
2025-02-03 10:06:00,95152.0,95169.6,95100.1,95169.6,65.06,6190007.4307
2025-02-03 10:07:00,95169.6,95184.4,95109.0,95140.8,50.225,4779410.2756
2025-02-03 10:08:00,95140.8,95197.3,95106.5,95121.5,86.325,8212868.1495
2025-02-03 10:09:00,95121.5,95172.8,95121.5,95169.8,36.908,3512060.9974
2025-02-03 10:10:00,95169.8,95169.8,95070.0,95099.9,96.856,9212016.9646
2025-02-03 10:11:00,95099.9,95173.6,95094.5,95160.0,33.639,3200054.382
2025-02-03 10:12:00,95160.0,95186.6,95125.1,95152.6,19.713,1875735.462
2025-02-03 10:13:00,95152.6,95211.2,95124.0,95194.8,35.47,3376073.6841
2025-02-03 10:14:00,95194.8,95222.3,95157.1,95207.6,28.065,2671796.8051
2025-02-03 10:15:00,95207.6,95261.3,95206.3,95223.5,48.135,4584150.2686
2025-02-03 10:16:00,95223.5,95225.1,95142.2,95171.4,34.801,3312189.0714
2025-02-03 10:17:00,95171.4,95174.3,95067.4,95111.5,42.427,4034703.0443
2025-02-03 10:18:00,95111.5,95111.5,94703.0,94808.1,683.858,64856704.1459
2025-02-03 10:19:00,94808.1,94862.4,94750.2,94793.3,321.698,30497197.5662
2025-02-03 10:20:00,94793.3,94952.4,94780.7,94902.0,301.031,28563054.108
2025-02-03 10:21:00,94902.0,94941.4,94793.3,94920.9,119.811,11366620.5067
2025-02-03 10:22:00,94920.9,95015.4,94904.2,94938.6,94.378,8962520.7804
2025-02-03 10:23:00,94938.6,95090.0,94938.6,95080.1,52.978,5034951.8926
2025-02-03 10:24:00,95080.1,95080.1,94868.4,94980.0,132.414,12571759.4711
2025-02-03 10:25:00,94980.0,95093.5,94970.5,95083.1,88.63,8424260.2256
2025-02-03 10:26:00,95083.1,95123.8,95052.8,95055.0,51.835,4928778.5799
2025-02-03 10:27:00,95055.0,95123.7,95052.7,95070.0,26.597,2528801.3972
2025-02-03 10:28:00,95070.0,95070.0,94987.0,95069.2,16.432,1561455.0384
2025-02-03 10:29:00,95069.2,95070.0,94980.0,95007.9,23.418,2224937.4773
2025-02-03 10:30:00,95007.9,95029.4,94882.5,94892.4,70.88,6731494.1323
2025-02-03 10:31:00,94892.4,95055.7,94892.4,95055.7,56.304,5347668.6126
2025-02-03 10:32:00,95055.7,95129.7,95055.7,95118.0,52.652,5006637.5457
2025-02-03 10:33:00,95118.0,95213.8,95117.9,95200.0,74.754,7114903.0507
2025-02-03 10:34:00,95200.0,95200.1,95080.6,95155.4,120.278,11444571.0901
2025-02-03 10:35:00,95155.4,95210.1,95155.4,95182.5,52.312,4979553.3242
2025-02-03 10:36:00,95182.5,95247.8,95182.5,95247.8,38.684,3683294.822
2025-02-03 10:37:00,95247.8,95247.9,95156.6,95237.4,25.814,2457523.8845
2025-02-03 10:38:00,95237.4,95282.4,95237.3,95273.6,84.037,8005895.2483
2025-02-03 10:39:00,95273.6,95297.7,95226.0,95239.6,65.507,6240723.7747
2025-02-03 10:40:00,95239.6,95313.8,95183.5,95308.3,72.14,6872263.6255
2025-02-03 10:41:00,95308.3,95368.8,95301.0,95307.2,48.632,4636470.4537
2025-02-03 10:42:00,95307.2,95307.2,95169.8,95169.9,31.572,3006347.6112
2025-02-03 10:43:00,95169.9,95278.4,95169.9,95239.2,74.112,7058579.6346
2025-02-03 10:44:00,95239.2,95311.2,95200.0,95305.4,28.994,2762381.2492
2025-02-03 10:45:00,95305.4,95382.7,95299.9,95331.2,93.97,8960695.7823
2025-02-03 10:46:00,95331.2,95331.3,95231.6,95231.6,39.258,3740346.4051
2025-02-03 10:47:00,95231.6,95248.0,95196.1,95248.0,30.463,2900290.2329
2025-02-03 10:48:00,95248.0,95277.0,95236.6,95274.7,13.183,1255829.6088
2025-02-03 10:49:00,95274.7,95329.9,95264.1,95305.8,19.395,1848448.93
2025-02-03 10:50:00,95305.8,95353.8,95284.5,95341.4,14.018,1336120.5463
2025-02-03 10:51:00,95341.4,95443.4,95335.2,95371.5,65.326,6231814.384
2025-02-03 10:52:00,95371.5,95442.0,95341.7,95425.6,26.583,2535513.7515
2025-02-03 10:53:00,95425.6,95442.1,95383.5,95423.9,32.913,3140340.0171
2025-02-03 10:54:00,95423.9,95463.3,95404.8,95463.3,34.981,3338234.1588
2025-02-03 10:55:00,95463.3,95463.3,95424.3,95432.0,33.398,3187787.6285
2025-02-03 10:56:00,95432.0,95554.4,95432.0,95533.2,102.774,9815688.6936
2025-02-03 10:57:00,95533.2,95598.2,95508.0,95598.2,22.502,2150112.784
2025-02-03 10:58:00,95598.2,95668.7,95593.0,95646.1,46.751,4471228.3674
2025-02-03 10:59:00,95646.1,95664.0,95594.9,95655.0,31.052,2969708.0752
2025-02-03 11:00:00,95655.0,95655.8,95512.5,95532.6,193.485,18492606.778
2025-02-03 11:01:00,95532.6,95567.0,95506.9,95527.3,56.356,5384056.7672
2025-02-03 11:02:00,95527.3,95565.1,95506.7,95534.6,35.197,3362829.1366
2025-02-03 11:03:00,95534.6,95589.1,95499.1,95546.9,36.699,3506483.3576
2025-02-03 11:04:00,95546.9,95566.1,95502.3,95554.8,18.457,1763365.053
2025-02-03 11:05:00,95554.8,95554.8,95457.3,95493.3,38.736,3699257.7283
2025-02-03 11:06:00,95493.3,95565.0,95480.5,95480.5,33.658,3215653.1255
2025-02-03 11:07:00,95480.5,95519.9,95404.6,95519.9,51.434,4909488.4629
2025-02-03 11:08:00,95519.9,95614.8,95519.9,95567.1,40.645,3884563.9392
2025-02-03 11:09:00,95567.1,95596.2,95506.0,95515.5,22.897,2188053.9637
2025-02-03 11:10:00,95515.5,95582.6,95515.4,95582.6,10.51,1004102.7195
2025-02-03 11:11:00,95582.6,95582.6,95436.0,95436.1,27.425,2619420.459
2025-02-03 11:12:00,95436.1,95509.8,95421.1,95509.6,17.299,1651322.3647
2025-02-03 11:13:00,95509.6,95509.7,95410.6,95423.2,48.307,4610776.5017
2025-02-03 11:14:00,95423.2,95579.3,95421.9,95528.8,127.112,12137034.4591
2025-02-03 11:15:00,95528.8,95543.9,95450.0,95506.0,36.553,3490603.1161
2025-02-03 11:16:00,95506.0,95543.3,95452.0,95481.7,36.012,3438450.1328
2025-02-03 11:17:00,95481.7,95481.8,95415.7,95415.7,29.46,2811817.0214
2025-02-03 11:18:00,95415.7,95435.5,95396.7,95430.1,17.111,1632598.4867
2025-02-03 11:19:00,95430.1,95430.1,95285.1,95369.2,57.557,5486398.1966
2025-02-03 11:20:00,95369.2,95377.6,95268.2,95319.1,54.113,5157149.6762
2025-02-03 11:21:00,95319.1,95319.1,95260.5,95276.9,45.276,4314457.9909
2025-02-03 11:22:00,95276.9,95425.3,95276.9,95397.9,49.721,4742060.1632
2025-02-03 11:23:00,95397.9,95441.4,95342.9,95438.1,24.718,2357732.5477
2025-02-03 11:24:00,95438.1,95459.7,95370.3,95381.6,16.862,1609039.5704
2025-02-03 11:25:00,95381.6,95390.4,95336.2,95344.9,35.258,3362053.4183
2025-02-03 11:26:00,95344.9,95345.3,95299.1,95302.9,21.672,2065906.99
2025-02-03 11:27:00,95302.9,95339.0,95260.2,95322.5,63.323,6034806.1439
2025-02-03 11:28:00,95322.5,95350.0,95232.0,95234.0,38.767,3694357.7528
2025-02-03 11:29:00,95234.0,95382.0,95234.0,95353.5,20.535,1956920.7028
2025-02-03 11:30:00,95353.5,95353.5,95203.0,95220.0,39.969,3807363.0621
2025-02-03 11:31:00,95220.0,95246.3,95193.1,95202.5,38.667,3681777.5935
2025-02-03 11:32:00,95202.5,95284.0,95190.0,95272.8,20.343,1937121.4741
2025-02-03 11:33:00,95272.8,95280.3,95130.3,95151.6,149.34,14213529.1381
2025-02-03 11:34:00,95151.6,95179.4,95103.4,95150.0,155.572,14800545.1488
2025-02-03 11:35:00,95150.0,95163.7,95077.3,95090.0,81.918,7791832.2698
2025-02-03 11:36:00,95090.0,95155.6,95057.4,95084.5,97.746,9295166.9269
2025-02-03 11:37:00,95084.5,95176.1,95062.3,95165.5,122.303,11630991.1399
2025-02-03 11:38:00,95165.5,95165.5,95044.9,95045.5,138.117,13131536.671
2025-02-03 11:39:00,95045.5,95049.9,94997.2,95012.4,154.552,14684479.7975
2025-02-03 11:40:00,95012.4,95024.5,94994.7,95007.7,136.591,12976696.496
2025-02-03 11:41:00,95007.7,95076.7,94990.0,95012.8,110.612,10511228.1538
2025-02-03 11:42:00,95012.8,95015.6,94948.3,94969.9,173.009,16432545.9876
2025-02-03 11:43:00,94969.9,95004.9,94969.9,94976.1,32.123,3051347.3523
2025-02-03 11:44:00,94976.1,95048.7,94937.5,95048.7,41.101,3903625.3834
2025-02-03 11:45:00,95048.7,95147.9,95048.6,95124.2,71.883,6835701.0169
2025-02-03 11:46:00,95124.2,95124.2,94945.7,94945.8,41.055,3901838.2162
2025-02-03 11:47:00,94945.8,95000.0,94895.1,94951.0,157.565,14958598.4743
2025-02-03 11:48:00,94951.0,94951.0,94870.1,94902.0,38.842,3686345.2575
2025-02-03 11:49:00,94902.0,94953.5,94902.0,94953.5,11.674,1108160.7366
2025-02-03 11:50:00,94953.5,94971.6,94895.5,94917.6,36.577,3472312.3939
2025-02-03 11:51:00,94917.6,94951.2,94917.5,94936.0,49.587,4707543.1083
2025-02-03 11:52:00,94936.0,94950.0,94904.0,94950.0,22.249,2111971.1566
2025-02-03 11:53:00,94950.0,95030.0,94930.1,94932.2,43.926,4172126.9963
2025-02-03 11:54:00,94932.2,95034.5,94932.2,95009.3,31.552,2997622.059
2025-02-03 11:55:00,95009.3,95054.7,94987.8,95031.8,78.748,7483623.8022
2025-02-03 11:56:00,95031.8,95076.6,94969.1,94998.0,28.532,2711193.0775
2025-02-03 11:57:00,94998.0,95096.2,94998.0,95066.7,30.247,2875051.5745
2025-02-03 11:58:00,95066.7,95066.7,95001.1,95057.2,16.27,1546274.6981
2025-02-03 11:59:00,95057.2,95096.9,95035.7,95052.3,17.254,1640157.4699
2025-02-03 12:00:00,95052.3,95189.8,95052.3,95184.6,116.883,11121249.7755
2025-02-03 12:01:00,95184.6,95205.6,94873.9,94949.9,278.511,26456131.2953
2025-02-03 12:02:00,94949.9,94971.4,94898.1,94930.0,155.888,14798982.7616
2025-02-03 12:03:00,94930.0,95033.1,94930.0,95005.1,58.35,5542550.562
2025-02-03 12:04:00,95005.1,95044.1,94973.0,95044.1,22.7,2156812.8011
2025-02-03 12:05:00,95044.1,95044.1,94939.2,95002.2,64.961,6170162.3995
2025-02-03 12:06:00,95002.2,95084.1,94999.2,95084.1,20.84,1980945.7239
2025-02-03 12:07:00,95084.1,95084.1,94943.1,95009.3,22.956,2180789.8295
2025-02-03 12:08:00,95009.3,95165.3,95009.2,95133.8,59.394,5649822.503
2025-02-03 12:09:00,95133.8,95252.5,95133.8,95192.0,56.938,5420978.5866
2025-02-03 12:10:00,95192.0,95275.1,95160.1,95252.0,146.32,13933390.9032
2025-02-03 12:11:00,95252.0,95252.0,95142.1,95142.3,43.151,4107198.113
2025-02-03 12:12:00,95142.3,95161.9,95021.6,95060.0,122.82,11680263.198
2025-02-03 12:13:00,95060.0,95238.9,95033.4,95156.4,35.3,3358151.5953
2025-02-03 12:14:00,95156.4,95272.9,95150.3,95245.0,105.183,10016568.3881
2025-02-03 12:15:00,95245.0,95262.7,95171.5,95262.7,36.566,3481797.3962
2025-02-03 12:16:00,95262.7,95367.2,95262.6,95359.7,98.47,9385633.7817
2025-02-03 12:17:00,95359.7,95364.0,95257.8,95342.5,74.598,7110140.4694
2025-02-03 12:18:00,95342.5,95439.0,95342.5,95437.2,66.269,6322001.4337
2025-02-03 12:19:00,95437.2,95480.0,95399.9,95479.9,80.239,7657945.9734
2025-02-03 12:20:00,95479.9,95499.0,95450.0,95490.0,66.952,6392531.9972
2025-02-03 12:21:00,95490.0,95549.6,95333.5,95333.5,154.031,14706775.8516
2025-02-03 12:22:00,95333.5,95512.7,95325.5,95474.8,52.455,5006416.886
2025-02-03 12:23:00,95474.8,95474.8,95310.1,95361.6,48.702,4645142.0685
2025-02-03 12:24:00,95361.6,95458.9,95354.1,95431.1,17.328,1653267.3034
2025-02-03 12:25:00,95431.1,95431.2,95354.6,95415.9,27.952,2666180.6421
2025-02-03 12:26:00,95415.9,95417.8,95353.1,95353.1,27.031,2578491.6828
2025-02-03 12:27:00,95353.1,95393.8,95353.0,95383.9,17.784,1696111.8735
2025-02-03 12:28:00,95383.9,95451.1,95344.6,95426.9,38.12,3637115.9103
2025-02-03 12:29:00,95426.9,95426.9,95285.0,95300.0,81.116,7733071.6989
2025-02-03 12:30:00,95300.0,95335.9,95283.4,95304.2,111.258,10601951.8346
2025-02-03 12:31:00,95304.2,95304.2,95208.2,95239.9,148.27,14125440.3074
2025-02-03 12:32:00,95239.9,95368.4,95239.9,95351.2,35.041,3339816.7721
2025-02-03 12:33:00,95351.2,95351.2,95293.0,95308.1,26.148,2492249.7465
2025-02-03 12:34:00,95308.1,95321.4,95179.9,95200.6,27.372,2606632.9855
2025-02-03 12:35:00,95200.6,95290.0,95200.5,95248.1,49.404,4706108.3646
2025-02-03 12:36:00,95248.1,95271.3,95171.1,95174.9,16.51,1571906.2658
2025-02-03 12:37:00,95174.9,95174.9,95022.4,95118.6,155.388,14774791.6591
2025-02-03 12:38:00,95118.6,95237.3,95115.1,95147.0,52.594,5005528.7554
2025-02-03 12:39:00,95147.0,95147.0,95021.1,95021.1,80.395,7644365.0876
2025-02-03 12:40:00,95021.1,95149.8,95021.1,95149.8,118.136,11230213.1216
2025-02-03 12:41:00,95149.8,95169.3,95063.3,95147.5,67.079,6380066.2394
2025-02-03 12:42:00,95147.5,95210.1,95147.5,95176.3,40.324,3838567.2048
2025-02-03 12:43:00,95176.3,95176.4,95058.8,95097.6,21.329,2028662.7781
2025-02-03 12:44:00,95097.6,95200.0,95097.0,95162.9,20.775,1977137.5689
2025-02-03 12:45:00,95162.9,95183.0,95122.0,95126.4,23.01,2189522.7295
2025-02-03 12:46:00,95126.4,95143.6,95004.0,95004.0,35.823,3405058.4076
2025-02-03 12:47:00,95004.0,95078.1,95000.0,95035.9,120.487,11449046.9572
2025-02-03 12:48:00,95035.9,95048.9,94976.2,95014.4,65.394,6212178.4803
2025-02-03 12:49:00,95014.4,95050.0,94992.8,95042.4,52.433,4982838.6722
2025-02-03 12:50:00,95042.4,95135.4,95042.4,95100.0,83.826,7970377.7592
2025-02-03 12:51:00,95100.0,95100.0,94974.7,94978.0,137.956,13112342.774
2025-02-03 12:52:00,94978.0,94993.2,94911.4,94930.2,79.581,7556507.9983
2025-02-03 12:53:00,94930.2,94930.2,94905.7,94926.1,33.364,3166946.2293
2025-02-03 12:54:00,94926.1,94929.4,94832.0,94863.3,111.349,10562799.2895
2025-02-03 12:55:00,94863.3,94863.4,94827.3,94855.0,172.589,16368332.0836
2025-02-03 12:56:00,94855.0,94862.9,94784.2,94820.1,129.913,12318075.3967
2025-02-03 12:57:00,94820.1,94820.4,94771.8,94771.8,97.084,9203201.0423
2025-02-03 12:58:00,94771.8,94788.7,94703.0,94707.3,128.035,12129561.3857
2025-02-03 12:59:00,94707.3,94778.9,94706.7,94706.7,80.344,7610389.6219
2025-02-03 13:00:00,94706.7,94765.9,94706.5,94749.3,65.777,6231521.0671
2025-02-03 13:01:00,94749.3,94758.2,94469.9,94586.2,472.817,44718893.5824
2025-02-03 13:02:00,94586.2,94685.8,94502.0,94606.7,241.986,22888645.0894
2025-02-03 13:03:00,94606.7,94656.9,94501.0,94656.9,286.165,27060955.6846
2025-02-03 13:04:00,94656.9,94825.2,94656.9,94792.5,230.319,21820948.0534
2025-02-03 13:05:00,94792.5,95000.0,94778.8,94923.2,237.598,22555828.9659
2025-02-03 13:06:00,94923.2,95057.3,94883.0,95013.1,106.239,10092332.2143
2025-02-03 13:07:00,95013.1,95013.1,94878.8,94906.8,93.541,8880481.4388
2025-02-03 13:08:00,94906.8,95000.0,94777.0,94810.0,109.691,10410193.6831
2025-02-03 13:09:00,94810.0,94929.5,94810.0,94929.4,67.456,6399040.4842
2025-02-03 13:10:00,94929.4,94929.5,94829.6,94874.4,48.971,4646569.5434
2025-02-03 13:11:00,94874.4,94923.7,94784.2,94809.9,52.489,4977825.1809
2025-02-03 13:12:00,94809.9,94809.9,94637.2,94658.0,143.75,13610217.863
2025-02-03 13:13:00,94658.0,94749.8,94641.4,94712.0,86.113,8154611.2257
2025-02-03 13:14:00,94712.0,94712.0,94643.7,94645.3,81.846,7749056.8744
2025-02-03 13:15:00,94645.3,94771.5,94613.4,94771.4,77.816,7367046.5544
2025-02-03 13:16:00,94771.4,94834.0,94703.0,94834.0,183.925,17425328.6134
2025-02-03 13:17:00,94834.0,94926.1,94834.0,94898.0,74.203,7040752.5867
2025-02-03 13:18:00,94898.0,94926.4,94814.5,94814.6,219.086,20787075.412
2025-02-03 13:19:00,94814.6,94879.2,94711.0,94774.8,37.935,3595712.299
2025-02-03 13:20:00,94774.8,94828.9,94750.0,94750.0,61.607,5839579.8123
2025-02-03 13:21:00,94750.0,94858.8,94724.0,94858.8,25.877,2453266.3698
2025-02-03 13:22:00,94858.8,94858.8,94740.0,94740.1,91.8,8704099.9099
2025-02-03 13:23:00,94740.1,94740.1,94650.0,94650.1,61.396,5813264.0208
2025-02-03 13:24:00,94650.1,94659.1,94550.0,94612.2,57.856,5472786.2285
2025-02-03 13:25:00,94612.2,94712.7,94560.4,94596.0,95.369,9026328.8246
2025-02-03 13:26:00,94596.0,94610.0,94460.7,94477.2,206.459,19507903.4549
2025-02-03 13:27:00,94477.2,94493.1,94380.2,94428.7,135.335,12780596.5807
2025-02-03 13:28:00,94428.7,94429.0,94320.5,94320.5,129.187,12191582.2135
2025-02-03 13:29:00,94320.5,94393.2,94319.8,94319.8,99.563,9392378.4012
2025-02-03 13:30:00,94319.8,94533.4,94319.8,94514.7,175.66,16594391.5724
2025-02-03 13:31:00,94514.7,94588.3,94467.6,94499.9,103.864,9817956.2699
2025-02-03 13:32:00,94499.9,94588.3,94499.9,94547.6,37.698,3564712.417
2025-02-03 13:33:00,94547.6,94693.4,94547.5,94657.4,78.872,7463467.575
2025-02-03 13:34:00,94657.4,94750.0,94632.6,94715.1,76.443,7239680.9033
2025-02-03 13:35:00,94715.1,94747.0,94700.0,94732.4,57.093,5408215.8791
2025-02-03 13:36:00,94732.4,94816.6,94648.5,94798.2,104.895,9938092.8888
2025-02-03 13:37:00,94798.2,94816.5,94707.1,94782.1,38.212,3620543.8269
2025-02-03 13:38:00,94782.1,94803.0,94697.7,94752.4,69.075,6544000.2322
2025-02-03 13:39:00,94752.4,94837.9,94752.4,94823.4,30.3,2872738.7778
2025-02-03 13:40:00,94823.4,94939.3,94808.4,94861.4,113.906,10808553.0606
2025-02-03 13:41:00,94861.4,95150.0,94851.2,95141.8,177.097,16828920.3395
2025-02-03 13:42:00,95141.8,95146.5,94988.6,95028.8,144.509,13740214.4655
2025-02-03 13:43:00,95028.8,95228.6,95028.8,95226.1,202.076,19228260.8625
2025-02-03 13:44:00,95226.1,95347.8,95153.9,95289.9,145.093,13821327.6581
2025-02-03 13:45:00,95289.9,95347.1,95200.0,95200.0,90.365,8609781.6724
2025-02-03 13:46:00,95200.0,95250.0,95168.8,95250.0,70.843,6744713.3646
2025-02-03 13:47:00,95250.0,95333.4,95152.8,95158.0,121.483,11576360.6809
2025-02-03 13:48:00,95158.0,95195.7,95129.8,95140.2,57.266,5449213.8317
2025-02-03 13:49:00,95140.2,95140.2,95000.0,95114.3,77.265,7345762.0825
2025-02-03 13:50:00,95114.3,95114.7,95000.0,95007.9,55.74,5297662.4033
2025-02-03 13:51:00,95007.9,95024.6,94884.2,94884.2,67.711,6429787.7836
2025-02-03 13:52:00,94884.2,94968.8,94812.0,94968.8,102.276,9702511.3247
2025-02-03 13:53:00,94968.8,94968.8,94808.7,94857.6,143.553,13617349.0446
2025-02-03 13:54:00,94857.6,94883.3,94841.7,94860.0,36.101,3424687.4278
2025-02-03 13:55:00,94860.0,94860.1,94750.0,94752.3,58.563,5550838.085
2025-02-03 13:56:00,94752.3,94848.0,94752.2,94826.8,33.203,3147224.2395
2025-02-03 13:57:00,94826.8,94840.0,94760.7,94768.8,46.029,4363791.3891
2025-02-03 13:58:00,94768.8,94829.4,94710.0,94734.4,85.296,8083171.4788
2025-02-03 13:59:00,94734.4,94734.5,94587.5,94591.6,149.683,14165831.3515
2025-02-03 14:00:00,94591.6,94651.9,94470.0,94470.1,220.264,20823287.5446
2025-02-03 14:01:00,94470.1,94500.0,94379.2,94379.2,187.637,17721820.0778
2025-02-03 14:02:00,94379.2,94385.2,94259.6,94281.9,280.267,26436876.9875
2025-02-03 14:03:00,94281.9,94305.4,94091.0,94138.4,443.51,41762258.093
2025-02-03 14:04:00,94138.4,94330.8,94122.0,94289.9,351.042,33076146.253
2025-02-03 14:05:00,94289.9,94289.9,94091.4,94114.0,172.833,16275256.2651
2025-02-03 14:06:00,94114.0,94370.3,94114.0,94328.0,189.25,17848456.5962
2025-02-03 14:07:00,94328.0,94370.7,94166.6,94259.9,130.219,12272724.3555
2025-02-03 14:08:00,94259.9,94279.5,94115.4,94183.1,259.387,24430808.0854
2025-02-03 14:09:00,94183.1,94343.4,94145.6,94280.3,171.54,16170910.965
2025-02-03 14:10:00,94280.3,94375.0,94267.9,94354.0,129.716,12236835.1985
2025-02-03 14:11:00,94354.0,94454.4,94273.9,94444.0,125.188,11814615.8237
2025-02-03 14:12:00,94444.0,94705.6,94434.6,94569.0,407.792,38577884.4085
2025-02-03 14:13:00,94569.0,94569.0,94400.1,94522.5,150.076,14176498.2986
2025-02-03 14:14:00,94522.5,94594.9,94451.5,94451.6,110.12,10408776.4574
2025-02-03 14:15:00,94451.6,94758.1,94401.9,94715.8,141.973,13436268.9108
2025-02-03 14:16:00,94715.8,94816.4,94675.2,94774.1,108.902,10318623.1909
2025-02-03 14:17:00,94774.1,94788.4,94673.3,94694.0,59.438,5630515.9452
2025-02-03 14:18:00,94694.0,94694.0,94550.0,94564.1,135.268,12797558.4563
2025-02-03 14:19:00,94564.1,94582.7,94431.4,94451.5,156.632,14798690.4983
2025-02-03 14:20:00,94451.5,94453.1,94267.8,94311.8,150.375,14190555.6338
2025-02-03 14:21:00,94311.8,94348.8,94250.0,94250.1,94.71,8929216.2109
2025-02-03 14:22:00,94250.1,94362.3,94180.0,94343.3,94.994,8954450.9569
2025-02-03 14:23:00,94343.3,94639.9,94320.1,94529.5,186.07,17586591.6835
2025-02-03 14:24:00,94529.5,94541.2,94404.4,94428.0,99.766,9424732.5312
2025-02-03 14:25:00,94428.0,94583.5,94388.8,94583.5,96.032,9076269.2375
2025-02-03 14:26:00,94583.5,94583.5,94393.7,94550.3,59.168,5591013.7154
2025-02-03 14:27:00,94550.3,94693.4,94540.0,94656.8,66.163,6260950.5722
2025-02-03 14:28:00,94656.8,94699.8,94520.0,94537.9,49.628,4697322.419
2025-02-03 14:29:00,94537.9,94722.3,94500.1,94710.0,64.828,6135777.7121
2025-02-03 14:30:00,94710.0,94715.1,94310.0,94548.0,246.652,23305102.7006
2025-02-03 14:31:00,94548.0,95299.4,94544.8,95145.9,851.717,80938852.2163
2025-02-03 14:32:00,95145.9,95596.9,95004.5,95500.0,842.685,80419799.7808
2025-02-03 14:33:00,95500.0,96299.9,95465.7,96013.8,1796.597,172484386.326
2025-02-03 14:34:00,96013.8,96242.9,95826.7,96016.8,1209.365,116102705.922
2025-02-03 14:35:00,96016.8,96033.3,95525.0,95749.9,979.203,93730988.6801
2025-02-03 14:36:00,95749.9,95900.0,95476.4,95790.4,591.296,56594722.6311
2025-02-03 14:37:00,95790.4,95846.3,95470.5,95815.0,537.652,51422674.9095
2025-02-03 14:38:00,95815.0,96265.5,95815.0,96255.6,660.901,63486290.9225
2025-02-03 14:39:00,96255.6,96400.0,96013.9,96400.0,798.64,76869594.0337
2025-02-03 14:40:00,96400.0,96428.6,95977.8,96220.1,824.82,79359175.2935
2025-02-03 14:41:00,96220.1,96329.4,96022.1,96141.0,496.263,47724792.0227
2025-02-03 14:42:00,96141.0,96275.0,95775.2,95884.2,432.731,41573665.0472
2025-02-03 14:43:00,95884.2,96192.7,95801.8,96080.0,292.724,28099087.9378
2025-02-03 14:44:00,96080.0,96173.3,95930.1,96067.5,247.667,23789073.3072
2025-02-03 14:45:00,96067.5,96231.0,95901.6,95949.7,335.095,32194679.0919
2025-02-03 14:46:00,95949.7,95985.6,95745.9,95872.5,317.491,30438371.6958
2025-02-03 14:47:00,95872.5,96020.0,95679.0,95981.7,221.626,21250095.7977
2025-02-03 14:48:00,95981.7,96035.3,95630.5,95835.3,270.096,25871554.859
2025-02-03 14:49:00,95835.3,96046.5,95835.2,95968.1,282.49,27112400.1876
2025-02-03 14:50:00,95968.1,95995.3,95783.9,95938.2,164.243,15752950.878
2025-02-03 14:51:00,95938.2,96065.9,95707.7,96039.5,216.026,20715860.7458
2025-02-03 14:52:00,96039.5,96139.3,95930.2,95984.3,266.214,25563698.3
2025-02-03 14:53:00,95984.3,96000.0,95685.9,95685.9,179.728,17219518.3734
2025-02-03 14:54:00,95685.9,95791.6,95537.9,95750.6,316.06,30233479.1895
2025-02-03 14:55:00,95750.6,95775.3,95567.6,95687.5,194.523,18607792.7869
2025-02-03 14:56:00,95687.5,96104.9,95686.3,96065.1,218.515,20965432.6583
2025-02-03 14:57:00,96065.1,96363.7,96064.0,96272.9,465.018,44755577.6959
2025-02-03 14:58:00,96272.9,96650.0,96264.0,96610.1,695.921,67156313.8638
2025-02-03 14:59:00,96610.1,96658.0,96479.5,96542.5,217.273,20982868.3538
2025-02-03 15:00:00,96542.5,96542.5,96234.8,96287.7,462.715,44567787.7786
2025-02-03 15:01:00,96287.7,96599.9,96263.3,96458.0,330.525,31895487.3705
2025-02-03 15:02:00,96458.0,96465.1,96150.1,96200.0,465.475,44811562.3341
2025-02-03 15:03:00,96200.0,96315.8,96150.0,96266.3,262.657,25272774.0358
2025-02-03 15:04:00,96266.3,96266.4,96110.0,96247.2,152.396,14659966.394
2025-02-03 15:05:00,96247.2,96595.9,96211.0,96506.0,218.995,21130515.4658
2025-02-03 15:06:00,96506.0,96613.1,96391.9,96537.9,160.497,15490892.691
2025-02-03 15:07:00,96537.9,96600.0,96500.0,96563.3,132.747,12815425.7781
2025-02-03 15:08:00,96563.3,96774.7,96558.2,96759.8,545.625,52763607.2405
2025-02-03 15:09:00,96759.8,96900.3,96727.7,96750.5,392.042,37958284.8434
2025-02-03 15:10:00,96750.5,96759.0,96650.0,96654.8,178.668,17276622.2675
2025-02-03 15:11:00,96654.8,96819.9,96579.0,96811.2,126.003,12183162.4643
2025-02-03 15:12:00,96811.2,96899.1,96700.0,96700.1,422.259,40865225.3797
2025-02-03 15:13:00,96700.1,96864.4,96693.9,96849.5,100.366,9715660.6401
2025-02-03 15:14:00,96849.5,96865.0,96620.7,96669.4,142.473,13782566.6767
2025-02-03 15:15:00,96669.4,96700.0,96503.1,96596.0,193.543,18688484.884
2025-02-03 15:16:00,96596.0,96950.0,96596.0,96940.1,170.145,16474820.523
2025-02-03 15:17:00,96940.1,97199.9,96940.1,96950.0,1202.846,116748659.7242
2025-02-03 15:18:00,96950.0,97054.0,96914.3,97054.0,195.886,18997177.1791
2025-02-03 15:19:00,97054.0,97112.8,96900.0,96941.0,173.24,16799630.3112
2025-02-03 15:20:00,96941.0,97294.8,96941.0,97227.0,420.349,40841852.5422
2025-02-03 15:21:00,97227.0,97463.1,97078.6,97447.2,442.043,43006549.8674
2025-02-03 15:22:00,97447.2,97657.9,97286.2,97636.0,707.662,68997035.0289
2025-02-03 15:23:00,97636.0,97750.2,97576.1,97599.5,530.38,51799249.151
2025-02-03 15:24:00,97599.5,97947.0,97529.1,97857.6,768.563,75181802.6105
2025-02-03 15:25:00,97857.6,98529.5,97832.9,98423.2,1347.789,132413692.7845
2025-02-03 15:26:00,98423.2,98423.2,98126.7,98200.1,1301.311,127809296.077
2025-02-03 15:27:00,98200.1,98324.5,98078.2,98197.7,1008.47,99040579.037
2025-02-03 15:28:00,98197.7,98197.7,97878.5,98076.8,400.89,39307295.2386
2025-02-03 15:29:00,98076.8,98367.7,97913.3,98275.8,349.263,34285385.9613
2025-02-03 15:30:00,98275.8,98280.0,97877.5,97877.5,281.524,27595686.7117
2025-02-03 15:31:00,97877.5,97965.8,97750.1,97941.2,246.42,24117025.8981
2025-02-03 15:32:00,97941.2,98125.0,97900.2,98096.1,171.611,16821229.7825
2025-02-03 15:33:00,98096.1,98233.0,98014.5,98184.1,147.613,14483212.2769
2025-02-03 15:34:00,98184.1,98392.0,98067.0,98290.0,404.064,39708636.5003
2025-02-03 15:35:00,98290.0,98360.0,98204.8,98224.0,205.351,20182761.8847
2025-02-03 15:36:00,98224.0,98251.5,97945.8,97950.1,376.154,36894457.1164
2025-02-03 15:37:00,97950.1,98117.8,97948.0,97994.0,160.287,15714197.6112
2025-02-03 15:38:00,97994.0,98097.4,97926.2,98004.7,219.542,21519555.5201
2025-02-03 15:39:00,98004.7,98070.3,97930.7,97940.0,113.003,11075206.8054
2025-02-03 15:40:00,97940.0,98181.8,97909.7,97976.0,225.003,22065977.6444
2025-02-03 15:41:00,97976.0,98397.6,97951.4,98389.6,184.732,18144784.2442
2025-02-03 15:42:00,98389.6,98844.8,98388.6,98765.7,904.764,89272936.4598
2025-02-03 15:43:00,98765.7,99026.0,98705.7,98804.9,517.438,51166497.8501
2025-02-03 15:44:00,98804.9,98860.0,98484.1,98619.2,479.854,47342775.5192
2025-02-03 15:45:00,98619.2,98853.5,98519.7,98830.2,189.036,18664306.5004
2025-02-03 15:46:00,98830.2,99055.8,98637.9,99015.0,277.324,27416469.2939
2025-02-03 15:47:00,99015.0,99031.4,98779.3,98846.8,430.515,42585294.7838
2025-02-03 15:48:00,98846.8,99199.8,98840.4,99070.1,512.791,50798519.7744
2025-02-03 15:49:00,99070.1,99176.5,98861.4,99170.2,279.573,27680043.19
2025-02-03 15:50:00,99170.2,99468.8,99128.5,99389.9,749.469,74425164.6845
2025-02-03 15:51:00,99389.9,99434.0,99195.1,99200.2,270.493,26860866.3018
2025-02-03 15:52:00,99200.2,99200.2,98991.5,99045.0,223.442,22136180.7878
2025-02-03 15:53:00,99045.0,99116.2,98883.7,98911.4,256.018,25341058.0297
2025-02-03 15:54:00,98911.4,98911.4,98750.0,98840.0,225.726,22306907.9335
2025-02-03 15:55:00,98840.0,99163.3,98821.3,99151.9,234.929,23265166.8843
2025-02-03 15:56:00,99151.9,99152.0,99000.0,99106.9,159.284,15778319.7496
2025-02-03 15:57:00,99106.9,99163.3,99036.0,99119.5,206.8,20496310.9122
2025-02-03 15:58:00,99119.5,99180.0,98977.7,98995.9,125.305,12412925.233
2025-02-03 15:59:00,98995.9,99003.9,98781.7,98804.0,185.435,18338246.9595
2025-02-03 16:00:00,98804.0,98945.9,98750.0,98937.6,252.159,24922998.024
2025-02-03 16:01:00,98937.6,99000.0,98795.9,98947.3,156.113,15442861.9824
2025-02-03 16:02:00,98947.3,98994.0,98850.6,98850.6,383.006,37883818.4063
2025-02-03 16:03:00,98850.6,98850.6,98560.0,98585.5,336.793,33237255.1268
2025-02-03 16:04:00,98585.5,98764.1,98555.0,98678.1,252.958,24958131.125
2025-02-03 16:05:00,98678.1,98719.2,98107.1,98306.7,661.609,65066276.5084
2025-02-03 16:06:00,98306.7,98520.7,98306.7,98388.0,307.852,30303048.766
2025-02-03 16:07:00,98388.0,98388.0,98150.0,98232.7,239.105,23496714.4062
2025-02-03 16:08:00,98232.7,98427.3,98200.3,98302.0,243.345,23918117.5177
2025-02-03 16:09:00,98302.0,98302.0,98098.3,98145.8,303.164,29760241.4296
2025-02-03 16:10:00,98145.8,98427.4,98145.8,98291.5,150.324,14779775.1992
2025-02-03 16:11:00,98291.5,98291.9,98107.2,98206.2,90.827,8916641.4118
2025-02-03 16:12:00,98206.2,98243.9,98138.1,98183.2,57.547,5650922.0326
2025-02-03 16:13:00,98183.2,98400.0,98150.0,98366.6,234.461,23052783.3153
2025-02-03 16:14:00,98366.6,98423.6,98321.2,98423.6,89.847,8838382.7185
2025-02-03 16:15:00,98423.6,98525.0,98392.7,98392.9,132.635,13059476.7426
2025-02-03 16:16:00,98392.9,98483.8,98220.6,98221.8,133.156,13097506.4359
2025-02-03 16:17:00,98221.8,98344.5,98150.0,98322.4,79.984,7857758.5831
2025-02-03 16:18:00,98322.4,98491.8,98285.6,98476.8,67.559,6648486.9443
2025-02-03 16:19:00,98476.8,98616.8,98454.0,98604.0,157.698,15540607.9948
2025-02-03 16:20:00,98604.0,98659.9,98500.0,98567.9,126.574,12479849.1386
2025-02-03 16:21:00,98567.9,98567.9,98386.4,98452.6,81.696,8044675.3759
2025-02-03 16:22:00,98452.6,98637.6,98452.6,98549.0,83.866,8266651.9281
2025-02-03 16:23:00,98549.0,98694.8,98507.3,98688.9,70.603,6962471.4969
2025-02-03 16:24:00,98688.9,98874.6,98675.1,98810.0,171.695,16960171.78
2025-02-03 16:25:00,98810.0,99008.6,98775.3,98910.7,256.531,25379177.103
2025-02-03 16:26:00,98910.7,98931.5,98667.0,98765.8,186.118,18383921.2649
2025-02-03 16:27:00,98765.8,98870.9,98648.1,98733.5,62.946,6216605.3881
2025-02-03 16:28:00,98733.5,98805.0,98657.8,98700.5,77.181,7619142.6885
2025-02-03 16:29:00,98700.5,98706.6,98542.9,98647.2,74.551,7350726.7723
2025-02-03 16:30:00,98647.2,98666.7,98437.6,98500.1,110.46,10882931.3199
2025-02-03 16:31:00,98500.1,98586.4,98398.2,98559.3,208.492,20534490.6088
2025-02-03 16:32:00,98559.3,98728.2,98518.4,98656.1,60.907,6008039.0969
2025-02-03 16:33:00,98656.1,98853.4,98656.1,98839.9,149.994,14820900.5787
2025-02-03 16:34:00,98839.9,98861.0,98785.0,98825.0,71.733,7088637.2675
2025-02-03 16:35:00,98825.0,98948.3,98800.5,98896.8,104.51,10335223.9525
2025-02-03 16:36:00,98896.8,98903.2,98702.4,98716.0,56.161,5548029.0846
2025-02-03 16:37:00,98716.0,98763.7,98575.9,98627.3,42.162,4159338.6191
2025-02-03 16:38:00,98627.3,98700.0,98603.8,98640.0,48.59,4793390.9863
2025-02-03 16:39:00,98640.0,98759.8,98602.3,98759.7,37.89,3738826.3416
2025-02-03 16:40:00,98759.7,98844.5,98735.2,98813.6,45.85,4530171.1258
2025-02-03 16:41:00,98813.6,98859.4,98722.8,98722.8,85.321,8429698.4604
2025-02-03 16:42:00,98722.8,98731.4,98587.6,98639.9,63.091,6223397.0313
2025-02-03 16:43:00,98639.9,98722.7,98639.9,98697.8,50.194,4952382.9606
2025-02-03 16:44:00,98697.8,98800.0,98655.0,98727.9,32.931,3251606.3658
2025-02-03 16:45:00,98727.9,98728.0,98588.3,98654.3,73.522,7254323.3862
2025-02-03 16:46:00,98654.3,98676.5,98618.0,98652.4,28.692,2830305.408
2025-02-03 16:47:00,98652.4,98696.4,98586.2,98593.1,70.081,6912380.7791
2025-02-03 16:48:00,98593.1,98664.6,98512.8,98623.7,47.475,4680531.2297
2025-02-03 16:49:00,98623.7,98689.6,98464.8,98475.9,55.413,5461514.1752
2025-02-03 16:50:00,98475.9,98683.2,98464.8,98676.8,28.102,2770250.7264
2025-02-03 16:51:00,98676.8,98913.1,98670.0,98894.0,149.864,14810022.5099
2025-02-03 16:52:00,98894.0,98930.9,98796.9,98873.2,119.899,11853173.0624
2025-02-03 16:53:00,98873.2,98873.2,98769.6,98790.0,50.967,5035296.956
2025-02-03 16:54:00,98790.0,98815.7,98720.0,98748.6,58.591,5787276.2911
2025-02-03 16:55:00,98748.6,98749.7,98678.5,98686.0,50.709,5005428.0706
2025-02-03 16:56:00,98686.0,98686.1,98575.0,98642.1,78.746,7765771.2745
2025-02-03 16:57:00,98642.1,98669.5,98562.4,98562.4,44.204,4358627.9937
2025-02-03 16:58:00,98562.4,98617.2,98489.4,98499.1,88.91,8761838.2086
2025-02-03 16:59:00,98499.1,98521.4,98457.0,98491.1,49.347,4859542.1861
2025-02-03 17:00:00,98491.1,98526.6,98405.9,98407.8,68.831,6777462.3521
2025-02-03 17:01:00,98407.8,98444.5,98284.2,98334.0,173.424,17056655.4163
2025-02-03 17:02:00,98334.0,98334.1,98110.0,98110.8,189.926,18645851.7652
2025-02-03 17:03:00,98110.8,98126.0,97979.5,97986.0,337.94,33128413.0373
2025-02-03 17:04:00,97986.0,98323.3,97986.0,98315.0,144.803,14214042.8388
2025-02-03 17:05:00,98315.0,98341.4,98155.6,98235.8,96.018,9431084.5362
2025-02-03 17:06:00,98235.8,98367.6,98235.8,98332.8,69.348,6818593.9529
2025-02-03 17:07:00,98332.8,98379.7,98290.0,98297.1,54.33,5342487.7516
2025-02-03 17:08:00,98297.1,98424.8,98250.0,98406.0,60.211,5921955.705
2025-02-03 17:09:00,98406.0,98474.4,98390.4,98452.6,86.596,8524788.8505
2025-02-03 17:10:00,98452.6,98461.8,98366.5,98401.4,36.593,3601116.5937
2025-02-03 17:11:00,98401.4,98435.5,98312.4,98327.7,55.834,5492911.9367
2025-02-03 17:12:00,98327.7,98466.7,98291.3,98452.2,44.752,4403135.1346
2025-02-03 17:13:00,98452.2,98467.1,98396.1,98435.3,38.791,3818089.0094
2025-02-03 17:14:00,98435.3,98480.0,98419.0,98460.7,71.485,7038903.4812
2025-02-03 17:15:00,98460.7,98460.7,98325.0,98351.9,27.164,2672460.6638
2025-02-03 17:16:00,98351.9,98415.3,98300.0,98399.4,38.693,3806235.8831
2025-02-03 17:17:00,98399.4,98479.6,98370.5,98468.4,40.432,3980178.4886
2025-02-03 17:18:00,98468.4,98577.9,98465.9,98500.9,102.887,10136933.5566
2025-02-03 17:19:00,98500.9,98500.9,98372.4,98472.3,78.393,7716908.3334
2025-02-03 17:20:00,98472.3,98681.3,98472.3,98640.0,87.537,8631384.3614
2025-02-03 17:21:00,98640.0,98644.0,98588.7,98624.0,30.056,2963947.3551
2025-02-03 17:22:00,98624.0,98688.0,98617.2,98682.6,57.08,5631824.9209
2025-02-03 17:23:00,98682.6,98726.4,98682.6,98693.9,50.507,4985277.5296
2025-02-03 17:24:00,98693.9,98756.9,98693.9,98756.9,79.18,7816635.7193
2025-02-03 17:25:00,98756.9,98779.6,98703.3,98777.6,73.534,7261732.706
2025-02-03 17:26:00,98777.6,98859.5,98770.3,98811.0,70.33,6949987.6204
2025-02-03 17:27:00,98811.0,98811.1,98608.3,98620.0,88.886,8773415.6408
2025-02-03 17:28:00,98620.0,98630.8,98516.4,98526.4,54.501,5372385.2547
2025-02-03 17:29:00,98526.4,98526.5,98480.0,98480.0,29.902,2945560.4849
2025-02-03 17:30:00,98480.0,98480.1,98364.7,98365.0,65.248,6421709.398
2025-02-03 17:31:00,98365.0,98432.1,98334.8,98334.8,64.53,6349060.8207
2025-02-03 17:32:00,98334.8,98417.0,98320.2,98397.2,61.246,6024652.4857
2025-02-03 17:33:00,98397.2,98430.1,98309.0,98332.2,65.684,6460394.9005
2025-02-03 17:34:00,98332.2,98416.8,98332.1,98346.3,25.902,2548432.6058
2025-02-03 17:35:00,98346.3,98346.4,98142.9,98183.2,531.261,52176249.9499
2025-02-03 17:36:00,98183.2,98183.3,98004.8,98012.9,190.033,18634269.5506
2025-02-03 17:37:00,98012.9,98185.3,98012.8,98108.0,119.307,11706194.7349
2025-02-03 17:38:00,98108.0,98178.3,98081.3,98134.3,118.761,11654069.6741
2025-02-03 17:39:00,98134.3,98148.6,98081.4,98103.6,68.371,6708325.6444
2025-02-03 17:40:00,98103.6,98239.4,98103.6,98155.6,56.491,5546197.3702
2025-02-03 17:41:00,98155.6,98242.4,98100.0,98120.0,100.318,9849435.5453
2025-02-03 17:42:00,98120.0,98199.9,98111.4,98112.1,31.291,3071341.1327
2025-02-03 17:43:00,98112.1,98256.6,98112.0,98215.7,25.133,2468181.185
2025-02-03 17:44:00,98215.7,98257.8,98120.6,98134.1,33.641,3303445.044
2025-02-03 17:45:00,98134.1,98370.4,98134.0,98301.6,103.997,10223231.6105
2025-02-03 17:46:00,98301.6,98301.6,98201.1,98219.1,91.963,9035919.0011
2025-02-03 17:47:00,98219.1,98219.1,98174.7,98184.4,39.547,3882841.955
2025-02-03 17:48:00,98184.4,98279.5,98150.0,98262.2,103.923,10206632.3004
2025-02-03 17:49:00,98262.2,98684.3,98064.6,98559.0,612.338,60275894.2973
2025-02-03 17:50:00,98559.0,98716.1,98444.5,98716.1,259.448,25587184.3047
2025-02-03 17:51:00,98716.1,98867.3,98549.0,98614.0,350.546,34617237.7256
2025-02-03 17:52:00,98614.0,98668.3,98434.7,98520.3,170.444,16794848.7887
2025-02-03 17:53:00,98520.3,98816.6,98516.8,98816.5,82.254,8114988.0234
2025-02-03 17:54:00,98816.5,99288.9,98816.5,99279.8,681.752,67564544.7078
2025-02-03 17:55:00,99279.8,99279.8,98742.9,98889.2,713.196,70550006.5171
2025-02-03 17:56:00,98889.2,99163.2,98829.8,99018.0,283.583,28087414.8242
2025-02-03 17:57:00,99018.0,99100.6,98727.0,98819.9,254.898,25215059.1591
2025-02-03 17:58:00,98819.9,99149.5,98819.9,99093.9,136.582,13523286.0415
2025-02-03 17:59:00,99093.9,99203.8,98962.7,99150.3,143.856,14253473.0152
2025-02-03 18:00:00,99150.3,99176.0,98960.1,98996.1,247.982,24559748.9228
2025-02-03 18:01:00,98996.1,99235.0,98930.6,99115.8,278.31,27570934.0444
2025-02-03 18:02:00,99115.8,99150.8,98964.2,99123.0,109.07,10803366.0816
2025-02-03 18:03:00,99123.0,99223.4,98994.2,99089.9,163.043,16155012.5155
2025-02-03 18:04:00,99089.9,99347.6,99075.5,99328.0,302.21,29999680.5289
2025-02-03 18:05:00,99328.0,99396.6,99212.5,99289.2,139.689,13872709.3319
2025-02-03 18:06:00,99289.2,99500.0,99247.0,99496.7,230.416,22914294.1747
2025-02-03 18:07:00,99496.7,99496.7,99318.1,99439.2,280.266,27854614.5906
2025-02-03 18:08:00,99439.2,99466.2,99274.3,99299.9,140.15,13926340.3067
2025-02-03 18:09:00,99299.9,99312.2,99155.0,99270.6,91.049,9035622.5789
2025-02-03 18:10:00,99270.6,99274.6,99116.0,99160.7,77.599,7696328.3377
2025-02-03 18:11:00,99160.7,99167.1,98895.9,99049.9,112.296,11118818.2103
2025-02-03 18:12:00,99049.9,99050.0,98916.0,98954.7,80.585,7976114.89
2025-02-03 18:13:00,98954.7,99099.9,98940.1,99099.6,77.878,7711241.4609
2025-02-03 18:14:00,99099.6,99191.0,99012.0,99018.7,87.945,8718039.3093
2025-02-03 18:15:00,99018.7,99152.5,99002.1,99104.6,43.272,4287288.148
2025-02-03 18:16:00,99104.6,99140.0,98917.9,99139.9,70.318,6962159.737
2025-02-03 18:17:00,99139.9,99352.4,99139.9,99338.1,123.169,12226746.9808
2025-02-03 18:18:00,99338.1,99416.8,99232.2,99351.7,431.614,42866306.9626
2025-02-03 18:19:00,99351.7,99355.2,99182.7,99262.1,79.551,7896067.2464
2025-02-03 18:20:00,99262.1,99344.2,99194.5,99276.3,109.643,10882030.1592
2025-02-03 18:21:00,99276.3,99329.9,99184.7,99313.5,63.641,6317215.8553
2025-02-03 18:22:00,99313.5,99313.6,99033.3,99092.8,73.075,7242065.6138
2025-02-03 18:23:00,99092.8,99249.5,99068.5,99213.8,74.863,7423524.7302
2025-02-03 18:24:00,99213.8,99300.0,99160.1,99259.5,61.083,6061875.5094
2025-02-03 18:25:00,99259.5,99350.0,99231.0,99346.8,51.489,5113417.9073
2025-02-03 18:26:00,99346.8,99585.5,99333.7,99486.9,228.715,22752680.5407
2025-02-03 18:27:00,99486.9,99532.5,99405.4,99410.1,89.289,8883603.2267
2025-02-03 18:28:00,99410.1,99486.4,99357.9,99486.4,91.547,9102403.9356
2025-02-03 18:29:00,99486.4,99486.4,99402.2,99418.4,80.396,7995502.4221
2025-02-03 18:30:00,99418.4,99442.0,99200.0,99328.0,80.957,8039265.422
2025-02-03 18:31:00,99328.0,99331.6,99184.4,99331.6,72.682,7215662.3897
2025-02-03 18:32:00,99331.6,99555.0,99331.5,99525.9,70.7,7034386.4379
2025-02-03 18:33:00,99525.9,99635.0,99449.0,99635.0,113.918,11341379.2315
2025-02-03 18:34:00,99635.0,99650.0,99459.2,99531.4,93.385,9298830.4784
2025-02-03 18:35:00,99531.4,99667.3,99500.4,99550.7,93.643,9326182.5083
2025-02-03 18:36:00,99550.7,99553.1,99408.7,99479.1,67.487,6714497.0568
2025-02-03 18:37:00,99479.1,99600.0,99479.1,99599.9,47.907,4769651.8663
2025-02-03 18:38:00,99599.9,99690.0,99552.1,99672.1,53.455,5326382.0582
2025-02-03 18:39:00,99672.1,99690.0,99576.5,99658.0,114.65,11425885.3431
2025-02-03 18:40:00,99658.0,99738.7,99594.4,99724.7,94.995,9469919.9035
2025-02-03 18:41:00,99724.7,99824.2,99720.0,99793.1,313.058,31233351.5519
2025-02-03 18:42:00,99793.1,99793.1,99543.4,99556.1,86.449,8619472.0498
2025-02-03 18:43:00,99556.1,99570.9,99460.0,99563.4,114.224,11367585.511
2025-02-03 18:44:00,99563.4,99646.0,99527.8,99590.1,57.475,5723218.7969
2025-02-03 18:45:00,99590.1,99600.0,99407.0,99588.1,88.453,8801322.825
2025-02-03 18:46:00,99588.1,99745.1,99588.0,99703.9,97.715,9740017.339
2025-02-03 18:47:00,99703.9,99744.0,99614.0,99642.3,94.275,9397065.7109
2025-02-03 18:48:00,99642.3,99805.7,99642.3,99769.3,74.985,7479425.0346
2025-02-03 18:49:00,99769.3,99805.2,99725.3,99746.3,108.372,10812661.4992
2025-02-03 18:50:00,99746.3,99899.9,99746.3,99862.5,125.818,12563149.9048
2025-02-03 18:51:00,99862.5,99879.3,99754.4,99845.9,87.218,8707004.0461
2025-02-03 18:52:00,99845.9,99872.3,99750.1,99872.0,77.597,7744715.3508
2025-02-03 18:53:00,99872.0,99899.7,99800.0,99841.3,40.314,4025478.845
2025-02-03 18:54:00,99841.3,99845.8,99766.3,99792.4,30.314,3025381.5445
2025-02-03 18:55:00,99792.4,99885.3,99705.9,99859.9,145.257,14495293.7349
2025-02-03 18:56:00,99859.9,99891.3,99759.4,99787.5,38.67,3860568.57
2025-02-03 18:57:00,99787.5,99831.1,99694.6,99703.1,84.84,8461575.7387
2025-02-03 18:58:00,99703.1,99829.8,99668.0,99814.8,65.714,6553557.9746
2025-02-03 18:59:00,99814.8,99840.5,99765.6,99765.6,31.89,3182824.8402
2025-02-03 19:00:00,99765.6,100079.1,99760.6,100039.0,347.45,34727661.2034
2025-02-03 19:01:00,100039.0,100083.9,99877.2,99877.2,185.24,18519211.1715
2025-02-03 19:02:00,99877.2,100045.4,99826.5,100045.4,107.778,10768093.9294
2025-02-03 19:03:00,100045.4,100058.9,99850.4,99850.5,157.399,15731795.4726
2025-02-03 19:04:00,99850.5,99947.1,99757.2,99852.6,424.799,42410762.599
2025-02-03 19:05:00,99852.6,99942.4,99707.6,99716.0,89.413,8923845.8387
2025-02-03 19:06:00,99716.0,99807.6,99681.2,99719.1,72.9,7270265.3366
2025-02-03 19:07:00,99719.1,99727.8,99524.9,99694.8,144.895,14431017.8791
2025-02-03 19:08:00,99694.8,99833.4,99694.8,99826.1,82.086,8191151.9082
2025-02-03 19:09:00,99826.1,99953.6,99764.8,99886.1,76.238,7613828.5463
2025-02-03 19:10:00,99886.1,99986.3,99886.1,99982.0,83.022,8297802.3334
2025-02-03 19:11:00,99982.0,99982.0,99818.2,99818.2,90.464,9036220.9508
2025-02-03 19:12:00,99818.2,99895.9,99800.0,99801.8,50.439,5035741.279
2025-02-03 19:13:00,99801.8,99856.3,99764.8,99839.0,145.272,14497017.1825
2025-02-03 19:14:00,99839.0,99935.0,99823.9,99900.0,58.866,5879943.6447
2025-02-03 19:15:00,99900.0,99962.8,99887.0,99932.0,71.163,7111741.2194
2025-02-03 19:16:00,99932.0,100235.9,99906.6,100225.9,227.035,22721824.6593
2025-02-03 19:17:00,100225.9,100415.5,100100.1,100386.8,443.018,44436601.8384
2025-02-03 19:18:00,100386.8,100559.4,100346.0,100533.9,425.04,42697092.5164
2025-02-03 19:19:00,100533.9,100687.7,100295.5,100295.5,618.642,62183025.8918
2025-02-03 19:20:00,100295.5,100571.1,100282.3,100561.3,127.13,12771825.0409
2025-02-03 19:21:00,100561.3,100838.2,100500.6,100764.7,344.836,34737519.2681
2025-02-03 19:22:00,100764.7,100785.9,100485.8,100485.9,163.145,16413061.8141
2025-02-03 19:23:00,100485.9,100604.8,100340.3,100500.1,289.931,29124844.2493
2025-02-03 19:24:00,100500.1,100571.2,100414.0,100502.4,103.271,10378779.4061
2025-02-03 19:25:00,100502.4,100610.0,100412.6,100607.2,61.776,6206547.5171
2025-02-03 19:26:00,100607.2,100678.0,100541.2,100627.3,67.389,6781112.2889
2025-02-03 19:27:00,100627.3,100665.8,100487.4,100546.0,47.047,4731054.7408
2025-02-03 19:28:00,100546.0,100615.4,100456.1,100460.0,44.95,4518031.0445
2025-02-03 19:29:00,100460.0,100491.9,100404.6,100424.7,92.337,9273225.5321
2025-02-03 19:30:00,100424.7,100495.9,100404.1,100495.9,101.86,10231339.2316
2025-02-03 19:31:00,100495.9,100666.7,100495.8,100652.1,92.814,9335101.7897
2025-02-03 19:32:00,100652.1,100777.1,100589.1,100736.9,171.725,17292350.9613
2025-02-03 19:33:00,100736.9,100878.0,100728.8,100846.0,222.065,22390209.7441
2025-02-03 19:34:00,100846.0,100937.9,100814.4,100905.5,145.799,14708932.9481
2025-02-03 19:35:00,100905.5,100983.8,100873.0,100873.0,212.05,21401374.6717
2025-02-03 19:36:00,100873.0,100960.2,100828.8,100923.1,156.22,15762943.1214
2025-02-03 19:37:00,100923.1,100942.8,100804.7,100899.9,80.479,8117661.4475
2025-02-03 19:38:00,100899.9,100987.0,100863.4,100976.0,63.728,6433148.7215
2025-02-03 19:39:00,100976.0,100980.0,100900.3,100929.6,73.869,7456201.592
2025-02-03 19:40:00,100929.6,100984.0,100842.4,100984.0,99.176,10007449.5416
2025-02-03 19:41:00,100984.0,101075.0,100983.9,101040.1,279.342,28220695.7568
2025-02-03 19:42:00,101040.1,101086.0,101019.6,101086.0,64.988,6567433.0151
2025-02-03 19:43:00,101086.0,101086.0,101042.4,101085.9,60.863,6150977.349
2025-02-03 19:44:00,101085.9,101199.9,101076.6,101194.5,203.532,20584198.15
2025-02-03 19:45:00,101194.5,101438.1,101159.8,101402.6,484.308,49073269.5932
2025-02-03 19:46:00,101402.6,101455.7,101236.0,101419.3,304.309,30842372.4112
2025-02-03 19:47:00,101419.3,101441.4,101197.3,101394.5,124.537,12616365.1386
2025-02-03 19:48:00,101394.5,101473.0,101348.0,101419.8,195.455,19820852.6006
2025-02-03 19:49:00,101419.8,101603.8,101365.9,101506.2,318.575,32337234.2215
2025-02-03 19:50:00,101506.2,101650.0,101350.0,101565.1,258.887,26282565.0413
2025-02-03 19:51:00,101565.1,101565.2,101351.1,101551.0,200.152,20307225.9315
2025-02-03 19:52:00,101551.0,101561.5,101320.5,101504.0,177.714,18022822.8155
2025-02-03 19:53:00,101504.0,101718.8,101387.1,101647.4,282.46,28686841.6954
2025-02-03 19:54:00,101647.4,101765.7,101582.1,101661.7,313.33,31864087.4197
2025-02-03 19:55:00,101661.7,101759.6,101472.4,101750.1,564.82,57389995.1226
2025-02-03 19:56:00,101750.1,101794.8,101588.0,101774.3,245.283,24949494.6848
2025-02-03 19:57:00,101774.3,101799.9,101669.9,101765.5,166.327,16923990.5709
2025-02-03 19:58:00,101765.5,101800.0,101624.0,101799.8,152.12,15477057.4624
2025-02-03 19:59:00,101799.8,101840.0,101699.9,101831.8,150.369,15304747.0652
2025-02-03 20:00:00,101831.8,101840.0,101684.3,101838.0,256.886,26143908.8377
2025-02-03 20:01:00,101838.0,101838.0,101600.0,101761.7,210.284,21388449.9918
2025-02-03 20:02:00,101761.7,101821.4,101575.7,101663.1,253.257,25755795.2761
2025-02-03 20:03:00,101663.1,101754.3,101574.0,101624.4,211.626,21513343.3463
2025-02-03 20:04:00,101624.4,101756.0,101621.1,101679.4,156.633,15928914.792
2025-02-03 20:05:00,101679.4,101694.0,101252.0,101271.2,407.861,41365716.6718
2025-02-03 20:06:00,101271.2,101379.0,101234.4,101359.8,200.541,20317811.8214
2025-02-03 20:07:00,101359.8,101359.8,101117.6,101194.2,238.953,24186636.8128
2025-02-03 20:08:00,101194.2,101194.2,100950.2,101061.5,400.945,40514318.9296
2025-02-03 20:09:00,101061.5,101300.0,101037.9,101108.0,192.457,19477176.9235
2025-02-03 20:10:00,101108.0,101517.4,101089.1,101490.1,186.654,18913398.7156
2025-02-03 20:11:00,101490.1,101571.2,101240.6,101316.5,153.499,15566682.8397
2025-02-03 20:12:00,101316.5,101441.7,101312.7,101323.9,94.441,9573640.1466
2025-02-03 20:13:00,101323.9,101338.8,101162.2,101261.3,360.395,36488002.2077
2025-02-03 20:14:00,101261.3,101373.9,101241.0,101305.6,99.675,10096922.2741
2025-02-03 20:15:00,101305.6,101362.4,101203.8,101347.6,252.456,25569690.3612
2025-02-03 20:16:00,101347.6,101450.0,101347.6,101433.2,60.59,6144858.0109
2025-02-03 20:17:00,101433.2,101490.3,101363.2,101394.0,64.744,6566061.1283
2025-02-03 20:18:00,101394.0,101450.0,101306.0,101407.8,107.314,10877097.7551
2025-02-03 20:19:00,101407.8,101437.0,101313.6,101361.6,57.448,5822431.8214
2025-02-03 20:20:00,101361.6,101659.7,101361.6,101584.1,191.678,19468779.928
2025-02-03 20:21:00,101584.1,101740.1,101578.6,101663.4,86.662,8810688.2348
2025-02-03 20:22:00,101663.4,101726.7,101559.3,101726.7,112.426,11425530.0323
2025-02-03 20:23:00,101726.7,101780.0,101673.8,101770.8,118.362,12042209.1922
2025-02-03 20:24:00,101770.8,101821.9,101738.4,101821.6,64.618,6576788.2575
2025-02-03 20:25:00,101821.6,101832.1,101614.5,101702.4,291.395,29636500.8575
2025-02-03 20:26:00,101702.4,101755.7,101625.2,101746.3,63.617,6469058.8144
2025-02-03 20:27:00,101746.3,101813.7,101669.6,101692.9,124.037,12618480.4938
2025-02-03 20:28:00,101692.9,101741.2,101565.5,101613.3,70.25,7140648.7221
2025-02-03 20:29:00,101613.3,101640.9,101500.9,101640.8,157.653,16009957.0621
2025-02-03 20:30:00,101640.8,101788.0,101640.8,101720.5,124.079,12619952.9657
2025-02-03 20:31:00,101720.5,101795.3,101658.6,101711.1,160.78,16357045.3643
2025-02-03 20:32:00,101711.1,101899.7,101711.1,101846.1,203.204,20695014.4108
2025-02-03 20:33:00,101846.1,101885.9,101765.4,101796.0,126.3,12861907.0325
2025-02-03 20:34:00,101796.0,101796.0,101630.9,101636.0,84.608,8605765.4695
2025-02-03 20:35:00,101636.0,101716.9,101596.6,101716.9,71.65,7283679.654
2025-02-03 20:36:00,101716.9,101746.0,101622.4,101639.9,50.498,5135245.112
2025-02-03 20:37:00,101639.9,101684.9,101502.1,101502.1,90.168,9161028.7137
2025-02-03 20:38:00,101502.1,101608.6,101502.1,101554.3,56.999,5787920.6675
2025-02-03 20:39:00,101554.3,101603.6,101510.0,101524.6,42.767,4342711.5438
2025-02-03 20:40:00,101524.6,101631.6,101524.6,101574.8,49.654,5044593.5383
2025-02-03 20:41:00,101574.8,101639.0,101530.1,101544.1,33.629,3416126.8757
2025-02-03 20:42:00,101544.1,101544.1,101346.6,101383.6,177.574,18006622.7368
2025-02-03 20:43:00,101383.6,101425.3,101341.8,101369.0,48.864,4953244.745
2025-02-03 20:44:00,101369.0,101418.7,101314.8,101334.6,70.556,7151563.6627
2025-02-03 20:45:00,101334.6,101360.0,101244.8,101282.2,122.872,12446985.6878
2025-02-03 20:46:00,101282.2,101282.3,100999.9,101122.4,581.838,58826163.693
2025-02-03 20:47:00,101122.4,101310.0,101109.3,101240.0,248.379,25147884.0633
2025-02-03 20:48:00,101240.0,101393.4,101240.0,101323.8,63.139,6398012.5315
2025-02-03 20:49:00,101323.8,101381.4,101313.9,101339.2,34.51,3497452.129
2025-02-03 20:50:00,101339.2,101597.7,101328.1,101464.9,143.407,14551880.0365
2025-02-03 20:51:00,101464.9,101532.3,101384.7,101429.1,54.972,5578111.8452
2025-02-03 20:52:00,101429.1,101526.4,101429.1,101499.9,61.524,6243589.3186
2025-02-03 20:53:00,101499.9,101643.4,101442.6,101628.2,90.506,9193429.5317
2025-02-03 20:54:00,101628.2,101628.2,101470.6,101526.3,60.284,6122818.3535
2025-02-03 20:55:00,101526.3,101526.3,101240.0,101265.5,107.686,10912586.4226
2025-02-03 20:56:00,101265.5,101265.5,101061.7,101119.9,195.296,19756395.354
2025-02-03 20:57:00,101119.9,101164.7,101070.1,101081.6,89.231,9021565.6928
2025-02-03 20:58:00,101081.6,101081.9,101010.9,101066.9,70.779,7152477.5198
2025-02-03 20:59:00,101066.9,101172.2,101023.3,101030.0,191.662,19373864.2411
2025-02-03 21:00:00,101030.0,101169.8,101000.1,101146.0,151.932,15360764.0024
2025-02-03 21:01:00,101146.0,101317.5,101120.6,101175.3,76.967,7789637.3643
2025-02-03 21:02:00,101175.3,101313.1,101175.3,101225.1,74.844,7578864.4722
2025-02-03 21:03:00,101225.1,101275.9,101088.0,101088.0,70.507,7134206.5279
2025-02-03 21:04:00,101088.0,101149.0,101041.2,101079.2,128.802,13022488.572
2025-02-03 21:05:00,101079.2,101252.7,101079.1,101134.4,82.056,8299291.4968
2025-02-03 21:06:00,101134.4,101134.4,101032.0,101034.3,91.444,9241295.6736
2025-02-03 21:07:00,101034.3,101076.2,101021.5,101050.0,73.187,7395492.9197
2025-02-03 21:08:00,101050.0,101057.0,100867.2,100978.0,199.313,20118206.8967
2025-02-03 21:09:00,100978.0,101116.0,100978.0,101006.8,75.105,7588080.0536
2025-02-03 21:10:00,101006.8,101088.9,100996.7,101033.7,32.579,3291884.4627
2025-02-03 21:11:00,101033.7,101033.8,100924.0,100980.8,34.283,3461637.709
2025-02-03 21:12:00,100980.8,101000.0,100895.3,101000.0,105.95,10693454.8201
2025-02-03 21:13:00,101000.0,101030.7,100923.6,100927.1,48.696,4917302.9578
2025-02-03 21:14:00,100927.1,101021.3,100927.1,100978.2,39.343,3973400.7754
2025-02-03 21:15:00,100978.2,101062.5,100945.6,101045.0,35.081,3544029.4241
2025-02-03 21:16:00,101045.0,101045.0,100929.5,100935.7,33.419,3374206.6995
2025-02-03 21:17:00,100935.7,100978.8,100930.6,100941.4,54.516,5503785.7385
2025-02-03 21:18:00,100941.4,100949.0,100910.9,100925.9,33.579,3389236.0302
2025-02-03 21:19:00,100925.9,101003.1,100894.0,100999.9,55.77,5628600.6629
2025-02-03 21:20:00,100999.9,101182.0,100975.1,101106.4,186.504,18857217.0525
2025-02-03 21:21:00,101106.4,101200.1,101039.1,101182.4,160.988,16280721.6229
2025-02-03 21:22:00,101182.4,101250.0,101080.8,101106.1,125.571,12703447.9558
2025-02-03 21:23:00,101106.1,101180.0,101066.4,101138.7,117.272,11858093.4883
2025-02-03 21:24:00,101138.7,101138.7,101015.9,101015.9,95.273,9627144.4576
2025-02-03 21:25:00,101015.9,101110.4,100955.7,101093.8,135.345,13674570.806
2025-02-03 21:26:00,101093.8,101150.0,101066.1,101066.4,105.395,10655407.2794
2025-02-03 21:27:00,101066.4,101079.8,101027.9,101040.8,100.326,10138324.5193
2025-02-03 21:28:00,101040.8,101079.8,101040.8,101057.3,39.258,3967336.2485
2025-02-03 21:29:00,101057.3,101176.4,101054.3,101135.0,42.367,4283625.0325
2025-02-03 21:30:00,101135.0,101154.4,101061.6,101066.7,46.694,4720678.2425
2025-02-03 21:31:00,101066.7,101181.8,101052.6,101181.8,42.659,4312389.8749
2025-02-03 21:32:00,101181.8,101375.0,101181.8,101320.8,91.167,9234244.6648
2025-02-03 21:33:00,101320.8,101363.9,101185.1,101190.7,54.983,5570106.4238
2025-02-03 21:34:00,101190.7,101201.0,101107.4,101107.4,45.854,4638282.5986
2025-02-03 21:35:00,101107.4,101233.2,101086.9,101225.8,36.518,3693172.9765
2025-02-03 21:36:00,101225.8,101706.4,101217.4,101653.3,428.734,43525316.2616
2025-02-03 21:37:00,101653.3,101775.2,101527.3,101756.0,254.564,25884850.1855
2025-02-03 21:38:00,101756.0,101850.7,101683.3,101683.3,266.103,27082308.958
2025-02-03 21:39:00,101683.3,101779.4,101607.2,101647.9,158.451,16107341.0987
2025-02-03 21:40:00,101647.9,101695.2,101562.2,101678.0,155.73,15829585.3134
2025-02-03 21:41:00,101678.0,101700.0,101632.0,101632.0,67.218,6834573.8895
2025-02-03 21:42:00,101632.0,101632.1,101504.1,101530.7,87.952,8931787.2161
2025-02-03 21:43:00,101530.7,101585.2,101418.4,101468.0,82.643,8387941.4781
2025-02-03 21:44:00,101468.0,101510.0,101463.1,101496.2,42.464,4309370.083
2025-02-03 21:45:00,101496.2,101635.0,101496.2,101572.1,44.813,4552221.0355
2025-02-03 21:46:00,101572.1,101680.3,101550.0,101651.1,113.004,11484547.8507
2025-02-03 21:47:00,101651.1,101722.7,101632.0,101694.2,120.196,12220247.2541
2025-02-03 21:48:00,101694.2,101710.3,101614.9,101633.6,30.201,3070106.0087
2025-02-03 21:49:00,101633.6,101669.4,101633.5,101660.0,54.798,5570671.451
2025-02-03 21:50:00,101660.0,101729.3,101648.3,101688.5,107.913,10973160.9587
2025-02-03 21:51:00,101688.5,101728.4,101640.3,101716.8,40.281,4096098.8622
2025-02-03 21:52:00,101716.8,101787.2,101706.1,101775.3,50.662,5155060.4926
2025-02-03 21:53:00,101775.3,101898.7,101764.5,101865.2,184.038,18744217.4104
2025-02-03 21:54:00,101865.2,101898.7,101750.2,101806.4,148.977,15169811.1289
2025-02-03 21:55:00,101806.4,101900.0,101806.4,101881.5,125.787,12813300.8059
2025-02-03 21:56:00,101881.5,101900.0,101858.1,101879.2,62.757,6393696.8941
2025-02-03 21:57:00,101879.2,101894.0,101663.3,101796.5,102.647,10444493.54
2025-02-03 21:58:00,101796.5,101823.5,101700.5,101794.4,52.643,5357656.8199
2025-02-03 21:59:00,101794.4,101794.4,101710.9,101732.5,51.174,5206861.1294
2025-02-03 22:00:00,101732.5,101894.3,101720.0,101811.9,69.877,7115572.8783
2025-02-03 22:01:00,101811.9,101879.4,101626.0,101664.0,120.19,12226671.1772
2025-02-03 22:02:00,101664.0,101848.7,101632.0,101816.4,74.058,7535310.4703
2025-02-03 22:03:00,101816.4,101829.4,101697.5,101720.6,69.213,7042198.1431
2025-02-03 22:04:00,101720.6,101857.4,101720.6,101784.0,74.971,7632637.6515
2025-02-03 22:05:00,101784.0,101879.2,101784.0,101836.1,63.993,6516198.0958
2025-02-03 22:06:00,101836.1,101960.0,101823.6,101903.0,260.155,26513912.7925
2025-02-03 22:07:00,101903.0,102088.9,101902.9,102010.0,428.515,43707242.635
2025-02-03 22:08:00,102010.0,102457.8,101969.0,102436.1,696.737,71216082.8187
2025-02-03 22:09:00,102436.1,102436.1,102107.7,102205.6,221.873,22687226.9417
2025-02-03 22:10:00,102205.6,102388.0,102200.0,102330.6,182.11,18625081.6138
2025-02-03 22:11:00,102330.6,102330.6,102068.5,102121.0,184.153,18816090.3678
2025-02-03 22:12:00,102121.0,102184.5,102000.0,102053.5,217.206,22174958.399
2025-02-03 22:13:00,102053.5,102068.4,101802.7,101928.4,245.18,24986033.4605
2025-02-03 22:14:00,101928.4,101933.3,101700.2,101718.8,136.899,13932060.2341
2025-02-03 22:15:00,101718.8,101748.4,101541.8,101590.4,258.532,26268752.4434
2025-02-03 22:16:00,101590.4,101892.0,101590.4,101802.9,179.317,18249205.3508
2025-02-03 22:17:00,101802.9,101941.2,101722.4,101830.1,124.759,12703191.9693
2025-02-03 22:18:00,101830.1,101971.1,101767.7,101798.1,84.919,8650350.9257
2025-02-03 22:19:00,101798.1,101870.4,101750.0,101870.0,65.759,6693300.3099
2025-02-03 22:20:00,101870.0,101941.7,101832.6,101926.4,34.281,3492861.4547
2025-02-03 22:21:00,101926.4,101965.8,101884.3,101945.1,21.769,2218735.5268
2025-02-03 22:22:00,101945.1,102148.7,101940.1,102113.2,127.084,12967923.1008
2025-02-03 22:23:00,102113.2,102113.2,101935.5,101964.3,57.481,5864359.2296
2025-02-03 22:24:00,101964.3,101964.3,101874.2,101896.7,63.92,6513909.1922
2025-02-03 22:25:00,101896.7,102031.2,101874.2,102010.1,40.393,4119587.8726
2025-02-03 22:26:00,102010.1,102010.1,101949.0,101976.7,28.07,2862584.4407
2025-02-03 22:27:00,101976.7,102020.0,101928.2,102009.8,92.942,9477916.9675
2025-02-03 22:28:00,102009.8,102017.3,101950.0,102017.3,43.134,4398957.0329
2025-02-03 22:29:00,102017.3,102017.3,101890.0,101932.8,54.086,5512884.7284
2025-02-03 22:30:00,101932.8,101975.0,101932.8,101954.4,77.099,7860808.705
2025-02-03 22:31:00,101954.4,101954.5,101903.7,101904.7,123.527,12593466.7583
2025-02-03 22:32:00,101904.7,101904.7,101660.0,101660.1,99.256,10104000.4829
2025-02-03 22:33:00,101660.1,101753.5,101504.3,101613.1,95.983,9754579.067
2025-02-03 22:34:00,101613.1,101726.9,101560.7,101694.6,77.691,7898175.2014
2025-02-03 22:35:00,101694.6,101740.8,101594.2,101694.3,109.944,11177589.6733
2025-02-03 22:36:00,101694.3,101740.8,101631.7,101647.7,71.421,7262914.192
2025-02-03 22:37:00,101647.7,101675.0,101594.8,101675.0,37.393,3799774.544
2025-02-03 22:38:00,101675.0,101713.0,101674.9,101712.5,21.477,2184110.1299
2025-02-03 22:39:00,101712.5,101739.9,101549.1,101557.3,37.034,3764289.605
2025-02-03 22:40:00,101557.3,101627.7,101540.6,101618.2,29.716,3018717.5474
2025-02-03 22:41:00,101618.2,101684.5,101600.1,101668.1,43.472,4418078.405
2025-02-03 22:42:00,101668.1,101668.2,101523.4,101530.8,59.761,6069969.2393
2025-02-03 22:43:00,101530.8,101596.8,101530.8,101592.2,30.421,3089723.9363
2025-02-03 22:44:00,101592.2,101596.1,101576.1,101576.2,12.996,1320263.8134
2025-02-03 22:45:00,101576.2,101580.0,101568.9,101568.9,25.178,2557463.0559
2025-02-03 22:46:00,101568.9,101580.0,101568.8,101579.9,8.57,870497.212
2025-02-03 22:47:00,101579.9,101600.0,101579.8,101600.0,22.067,2241878.2605
2025-02-03 22:48:00,101600.0,101620.7,101429.4,101439.5,109.506,11116847.0076
2025-02-03 22:49:00,101439.5,101487.9,101428.8,101487.9,73.176,7424669.7161
2025-02-03 22:50:00,101487.9,101505.6,101476.0,101500.0,31.917,3239460.1721
2025-02-03 22:51:00,101500.0,101504.5,101486.0,101497.2,31.29,3175921.0772
2025-02-03 22:52:00,101497.2,101504.0,101489.0,101490.1,13.777,1398325.6192
2025-02-03 22:53:00,101490.1,101504.7,101462.0,101462.1,24.72,2508522.5047
2025-02-03 22:54:00,101462.1,101533.0,101462.0,101520.6,47.823,4853593.1404
2025-02-03 22:55:00,101520.6,101732.3,101520.6,101680.2,137.871,14016928.9324
2025-02-03 22:56:00,101680.2,101711.1,101578.2,101578.2,66.795,6792089.3559
2025-02-03 22:57:00,101578.2,101653.7,101550.1,101639.9,45.97,4671785.673
2025-02-03 22:58:00,101639.9,101639.9,101571.5,101632.4,24.804,2520030.6097
2025-02-03 22:59:00,101632.4,101655.3,101539.5,101653.1,21.676,2202608.87
2025-02-03 23:00:00,101653.1,101722.3,101526.8,101593.7,67.626,6871614.4787
2025-02-03 23:01:00,101593.7,101632.0,101561.0,101610.1,35.034,3558896.449
2025-02-03 23:02:00,101610.1,101663.2,101530.2,101550.0,55.016,5590128.6754
2025-02-03 23:03:00,101550.0,101701.4,101534.3,101701.3,27.53,2797452.5019
2025-02-03 23:04:00,101701.3,101709.3,101641.8,101709.3,27.444,2790298.9443
2025-02-03 23:05:00,101709.3,101787.7,101663.4,101663.4,61.731,6279340.0349
2025-02-03 23:06:00,101663.4,101735.5,101647.2,101735.5,53.399,5429480.5404
2025-02-03 23:07:00,101735.5,101776.2,101650.0,101669.5,64.874,6598729.5103
2025-02-03 23:08:00,101669.5,101669.5,101627.5,101627.8,12.654,1286190.0076
2025-02-03 23:09:00,101627.8,101677.9,101621.0,101621.0,21.337,2168900.4074
2025-02-03 23:10:00,101621.0,101621.0,101446.1,101457.8,35.143,3567550.8598
2025-02-03 23:11:00,101457.8,101517.4,101438.4,101466.3,59.7,6058474.3112
2025-02-03 23:12:00,101466.3,101500.0,101466.2,101474.0,18.804,1908360.2125
2025-02-03 23:13:00,101474.0,101482.9,101436.4,101480.0,29.371,2979976.7462
2025-02-03 23:14:00,101480.0,101569.9,101480.0,101513.8,14.184,1440316.338
2025-02-03 23:15:00,101513.8,101513.8,101448.8,101498.2,70.97,7201579.5202
2025-02-03 23:16:00,101498.2,101506.4,101475.9,101480.6,11.757,1193193.3802
2025-02-03 23:17:00,101480.6,101493.0,101452.4,101461.9,25.3,2567103.7604
2025-02-03 23:18:00,101461.9,101499.2,101452.5,101499.2,22.834,2317092.42
2025-02-03 23:19:00,101499.2,101565.9,101499.2,101538.8,22.824,2317211.9174
2025-02-03 23:20:00,101538.8,101588.4,101538.8,101574.8,30.596,3107371.7064
2025-02-03 23:21:00,101574.8,101576.2,101525.2,101534.0,11.18,1135340.4691
2025-02-03 23:22:00,101534.0,101573.4,101528.1,101561.5,15.001,1523308.7651
2025-02-03 23:23:00,101561.5,101566.9,101490.0,101519.9,10.84,1100659.0915
2025-02-03 23:24:00,101519.9,101530.4,101460.0,101461.6,38.243,3881079.3661
2025-02-03 23:25:00,101461.6,101475.6,101382.5,101396.2,102.579,10402983.5243
2025-02-03 23:26:00,101396.2,101404.0,101379.1,101396.8,26.499,2686834.6979
2025-02-03 23:27:00,101396.8,101398.2,101357.4,101377.4,76.41,7746020.0575
2025-02-03 23:28:00,101377.4,101459.1,101377.4,101437.9,19.59,1986676.6639
2025-02-03 23:29:00,101437.9,101490.0,101437.9,101488.3,19.943,2023785.5145
2025-02-03 23:30:00,101488.3,101600.0,101488.2,101549.2,47.736,4847889.5671
2025-02-03 23:31:00,101549.2,101549.2,101440.2,101497.1,45.139,4581103.1601
2025-02-03 23:32:00,101497.1,101497.2,101400.3,101400.3,32.246,3270425.2823
2025-02-03 23:33:00,101400.3,101408.9,101365.0,101400.0,36.368,3687302.6158
2025-02-03 23:34:00,101400.0,101409.6,101381.7,101397.7,15.002,1521134.3719
2025-02-03 23:35:00,101397.7,101413.4,101353.0,101353.0,16.102,1632371.1429
2025-02-03 23:36:00,101353.0,101400.0,101353.0,101357.0,9.596,972897.4984
2025-02-03 23:37:00,101357.0,101357.0,101326.4,101340.0,42.551,4311988.2511
2025-02-03 23:38:00,101340.0,101389.6,101317.0,101380.0,45.252,4586011.792
2025-02-03 23:39:00,101380.0,101396.3,101345.8,101372.0,29.513,2991814.6602
2025-02-03 23:40:00,101372.0,101548.0,101372.0,101501.1,70.741,7179482.1172
2025-02-03 23:41:00,101501.1,101501.1,101426.8,101426.9,13.393,1358937.5478
2025-02-03 23:42:00,101426.9,101459.8,101426.8,101455.3,41.256,4185336.4139
2025-02-03 23:43:00,101455.3,101470.8,101455.3,101468.0,13.972,1417652.3538
2025-02-03 23:44:00,101468.0,101468.9,101447.2,101468.9,11.435,1160223.3172
2025-02-03 23:45:00,101468.9,101520.0,101419.1,101520.0,71.024,7205220.0443
2025-02-03 23:46:00,101520.0,101536.6,101465.7,101469.8,124.535,12640661.086
2025-02-03 23:47:00,101469.8,101500.5,101466.7,101468.5,14.788,1500655.0027
2025-02-03 23:48:00,101468.5,101481.0,101405.0,101405.0,29.595,3002393.4157
2025-02-03 23:49:00,101405.0,101413.6,101377.0,101386.4,16.176,1640185.105
2025-02-03 23:50:00,101386.4,101396.6,101377.9,101385.6,5.644,572232.742
2025-02-03 23:51:00,101385.6,101399.8,101383.6,101385.3,9.054,917997.9837
2025-02-03 23:52:00,101385.3,101386.5,101368.3,101381.2,11.873,1203657.9312
2025-02-03 23:53:00,101381.2,101381.3,101356.8,101356.8,17.855,1809825.0521
2025-02-03 23:54:00,101356.8,101356.9,101240.0,101241.5,160.001,16208553.562
2025-02-03 23:55:00,101241.5,101329.5,101241.5,101300.9,46.586,4718635.6688
2025-02-03 23:56:00,101300.9,101300.9,101224.6,101243.5,35.465,3590803.4166
2025-02-03 23:57:00,101243.5,101257.5,101200.0,101257.4,56.684,5737598.734
2025-02-03 23:58:00,101257.4,101257.5,101221.9,101241.0,24.64,2494579.9514
2025-02-03 23:59:00,101241.0,101294.8,101240.9,101294.8,35.164,3560785.0888
2025-02-04 00:00:00,101294.8,101450.0,101294.7,101419.1,166.951,16924030.2314
2025-02-04 00:01:00,101419.1,101450.0,101400.0,101439.9,24.054,2439887.6972
2025-02-04 00:02:00,101439.9,101478.4,101360.0,101418.8,50.802,5152864.952
2025-02-04 00:03:00,101418.8,101450.0,101388.7,101418.8,13.293,1348126.7092
2025-02-04 00:04:00,101418.8,101455.0,101360.0,101360.1,57.91,5872774.8408
2025-02-04 00:05:00,101360.1,101526.7,101360.0,101518.6,108.875,11047858.959
2025-02-04 00:06:00,101518.6,101565.0,101446.2,101540.0,41.607,4223994.6838
2025-02-04 00:07:00,101540.0,101600.0,101521.8,101576.2,52.989,5381627.0791
2025-02-04 00:08:00,101576.2,101615.4,101542.0,101561.0,35.81,3637775.4251
2025-02-04 00:09:00,101561.0,101616.3,101521.9,101521.9,19.468,1977508.0212
2025-02-04 00:10:00,101521.9,101559.6,101470.6,101559.6,31.86,3234208.397
2025-02-04 00:11:00,101559.6,101577.7,101510.0,101529.7,23.596,2396309.4472
2025-02-04 00:12:00,101529.7,101539.2,101468.0,101480.1,12.51,1269745.7113
2025-02-04 00:13:00,101480.1,101532.8,101480.0,101494.5,13.559,1376300.7579
2025-02-04 00:14:00,101494.5,101572.8,101493.5,101572.7,48.791,4953674.236
2025-02-04 00:15:00,101572.7,101579.3,101520.0,101521.2,35.027,3557398.0293
2025-02-04 00:16:00,101521.2,101594.8,101521.2,101542.0,18.806,1910262.127
2025-02-04 00:17:00,101542.0,101577.4,101531.5,101537.8,14.05,1426790.1706
2025-02-04 00:18:00,101537.8,101543.8,101458.3,101484.9,27.901,2831765.7722
2025-02-04 00:19:00,101484.9,101484.9,101382.5,101400.1,30.693,3113120.3864
2025-02-04 00:20:00,101400.1,101600.0,101381.0,101584.0,28.931,2936740.1227
2025-02-04 00:21:00,101584.0,101600.0,101481.7,101498.0,13.625,1383535.6217
2025-02-04 00:22:00,101498.0,101498.0,101326.8,101336.0,18.043,1829320.9803
2025-02-04 00:23:00,101336.0,101423.6,101336.0,101405.0,45.049,4567157.0415
2025-02-04 00:24:00,101405.0,101417.8,101380.2,101408.1,20.055,2033563.7764
2025-02-04 00:25:00,101408.1,101413.2,101328.0,101328.0,39.522,4006264.1291
2025-02-04 00:26:00,101328.0,101345.6,101276.8,101323.0,25.639,2597545.5675
2025-02-04 00:27:00,101323.0,101341.0,101256.6,101257.9,21.106,2137775.3616
2025-02-04 00:28:00,101257.9,101289.6,101256.0,101275.4,19.78,2003204.5644
2025-02-04 00:29:00,101275.4,101290.0,101232.3,101266.5,14.247,1442614.0706
2025-02-04 00:30:00,101266.5,101272.4,101219.1,101250.0,54.858,5554001.9727
2025-02-04 00:31:00,101250.0,101323.3,101222.8,101319.7,46.636,4723197.0057
2025-02-04 00:32:00,101319.7,101350.0,101307.3,101347.1,17.081,1730867.1855
2025-02-04 00:33:00,101347.1,101439.1,101347.1,101410.2,32.913,3337564.0693
2025-02-04 00:34:00,101410.2,101464.8,101400.1,101451.4,19.398,1967920.3609
2025-02-04 00:35:00,101451.4,101485.1,101432.8,101484.7,20.022,2031585.7345
2025-02-04 00:36:00,101484.7,101513.5,101456.0,101466.0,22.75,2308893.0849
2025-02-04 00:37:00,101466.0,101471.5,101395.0,101419.6,23.683,2402053.5553
2025-02-04 00:38:00,101419.6,101421.9,101357.4,101357.4,14.411,1461334.592
2025-02-04 00:39:00,101357.4,101405.5,101357.4,101402.0,8.952,907667.9114
2025-02-04 00:40:00,101402.0,101405.7,101350.1,101350.1,6.85,694441.0437
2025-02-04 00:41:00,101350.1,101399.6,101339.0,101391.2,7.79,789579.5397
2025-02-04 00:42:00,101391.2,101450.0,101391.2,101437.2,5.43,550723.1173
2025-02-04 00:43:00,101437.2,101437.2,101413.6,101422.6,4.596,466138.4533
2025-02-04 00:44:00,101422.6,101449.7,101420.0,101434.1,14.169,1437142.9985
